,id,period,MPUBID_XRND,CRACE_XRND,CSEX_XRND,CYRB_XRND,MOM_HELPS_CH_LEA_,MOM_HELPS_CH_LEARN_ALPHABET_,MOM_HELPS_CH_LEARN_COLORS_,MOM_HELPS_CH_LEARN_SHAPES_,PIAT_MATH_TOTAL_RAW_SCORE_,PIAT_READ_REC_TOTAL_RAW_SCO_,PIAT_READ_COMP_TOTAL_RAW_SC_,PPVT_TOTAL_RAW_SCORE_,HOW_OFT_MOM_READ_TO_,MOM_HELPS_CH_LEARN_N_,MOM_HELPS_CH_LEARN_A_,MOM_HELPS_CH_LEARN_C_,MOM_HELPS_CH_LEARN_S_,MOM_HELPS_CH_W_NONE_,HOW_OFT_CH_TAKEN_TO_,MS_TYPE_OF_SCHOOL_CHILD_ATT_,MS_TYPE_OF_SCH_CHD_ATTNDS_C_,MOMHGC_EVER_XRND,HGC_DLI_XRND,ASSOCIATES_XRND,BA_XRND,BS_XRND,MASTERS_XRND,PROFDEGREE_XRND,VERSION_R29_XRND,HOW_MANY_BOOKS_C_,HOW_OFTEN_MOM_RE_,HOW_OFT_CH_EATS_,HOW_OFT_CH_TAKEN_,MUSIC_INSTMT_CH_,CH_GET_SPEC_LESS_,HOW_OFT_TAKEN_TO_,HOW_OFT_CH_SPEND_,HOW_OFT_CH_W_DAD_,DO_PARS_DISCUSS_,IF_LOW_GRADES_HE_,TYPE_OF_SCHOOL_CHILD_ATTEND_,HOW_OFT_PARENTS_HELP_WITH_H_,HOW_MANY_BOOKS_,MUSIC_INSTMT_C_,CH_GET_SPEC_LE_,HOW_OFT_CH_TAK_,HOW_OFT_TAKEN_,HOW_OFT_CH_SPE_,HOW_OFT_CH_W_D_,HOW_OFT_CH_EAT_,DO_PARS_DISCUS_,IF_LOW_GRADES_,SCHOOL_CHILD_ATTENDS_2004_,DOES_CHILD_USE_ANY_COMPUTER_,4_5_HOW_OFTEN_MOM_RE_,4_5_HOW_MANY_BOOKS_C_,4_5_MOM_HELPS_CH_LEA_,MOM_HELPS_CH_LEARN_COLORS_2_,MOM_HELPS_CH_LEARN_SHAPES_2_,4_5_HOW_OFT_CH_TAKEN_,4_5_HOW_OFT_CH_EATS_,CHILD_EVER_ENROLLED_IN_HEAD_,HOW_MANY_BOOKS_CH_,MUSICAL_INSTMT_CH_,CH_GET_SPEC_LESSO_,HOW_OFT_CH_EATS_W_,DO_PARS_DISCUSS_T_,IF_LOW_GRADES_HEL_,CH_ATTENDS_PUBLIC_PRIV_RELI_,IS_SCHOOL_GIFTED_HANDICAPPE_,OWN_A_HOME_COMPUTER_,MS_IS_SCHOOL_GIFTED_HANDICA_,TYPE_OF_SCHOOL_,HOW_OFTEN_PARS_HELP_R_WITH_,SCHOOL_HOW_OFTEN_PARENTS_HE_,IS_CURRENT_MOST_RECENT_SCHO_,MS_CH_ATTENDS_PUBLIC_PRIV_R_,HOW_OFT_CH_EATS_W_MO_,HOW_OFT_CH_SPEND_TIM_,MOM_HELP_MORE_W_SCHO_,PARS_DISCUSS_TV_PROG_,CHILD_ATTENDS_PUBLIC_PRIV_R_,6_HOW_MANY_BOOKS_CHI_,6_HOW_OFTEN_MOM_READ_,6_MUSIC_INSTMT_CH_CA_,6_CH_GET_SPEC_LESSON_,6_HOW_OFT_CH_TAKEN_T_,6_HOW_OFT_TAKEN_TO_P_,6_HOW_OFT_CH_SPEND_T_,6_HOW_OFT_CH_W_DAD_O_,6_HOW_OFT_CH_EATS_W_,6_DO_PARS_DISCUSS_TV_,IN_SCL_YR_HOW_OFTEN_PARENTS_,FAMILY_INCOME_FROM_ALL_SOUR_,HOW_OFT_DOES_MOM_REA_,HOW_MANY_BOOKS_CHILD_,PARS_DISCUSS_TV_PRGM_,TOTAL_FAMILY_INCOME_FROM_AL_,HOW_OFTEN_MOM_R_,MOM_HELPS_CH_LE_,_MOM_HELPS_CH_LEARN_ALPHABE_,_MOM_HELPS_CH_LEARN_COLORS__,_MOM_HELPS_CH_LEARN_SHAPES__,HOW_OFT_CH_TAKE_,TOTAL_FAMILY_INCOME_FR_ALL_,HOW_MANY_BOOKS_DOES_,IS_THERE_MUSIC_INSTR_,CHILD_S_AGE_WHEN_1ST_ATTD_H_,CHILD_AGE_WHEN_1ST_ATTD_HEA_,DOES_CHILD_NEVER_USE_,HIGHEST_GRADE_OF_REGULAR_SC_,HOW_LONG_CHILD_WAS_IN_HEAD_,MOM_HELPS_CH_W_N_
0,201,0,2.0,3.0,2.0,1993.0,1.0,2.0,3.0,4.0,10.0,10.0,10.0,30.0,5.0,1.0,1.0,1.0,1.0,2.0,2.0,1.0,1.0,12.0,10.0,0.0,0.0,0.0,1.0,0.0,532.0,,,,,,,,,,,,,,,,,,,,,,,,,,,,,,,,,,,,,,,,,,,,,,,,,,,,,,,,,,,,,,,,,,,,,,,,,,,,,,,,,,,,
1,201,1,2.0,3.0,2.0,1993.0,,,,,,,,,,,,,,,,,,12.0,10.0,0.0,0.0,0.0,1.0,0.0,532.0,,,,,,,,,,,,,,,,,,,,,,,,,,,,,,,,,,,,,,,,,,,,,,,,,,,,,,,,,,,,,,,,,,,,,,,,,,,,,,,,,,,,
2,201,2,2.0,3.0,2.0,1993.0,,,,,55.0,52.0,42.0,86.0,,,,,,,,,,12.0,10.0,0.0,0.0,0.0,1.0,0.0,532.0,,,,,,,,,,,,1.0,3.0,,,,,,,,,,,1.0,1.0,,,,,,,,,,,,,,,,,,,,,,,,,,,,,,,,,,,,,,,,,,,,,,,,,,,,,,,,,,,
3,201,3,2.0,3.0,2.0,1993.0,,,,,,,,,,,,,,,,,,12.0,10.0,0.0,0.0,0.0,1.0,0.0,532.0,,,,,,,,,,,,,,,,,,,,,,,,,,,,,,,,,,,,,,,,,,,,,,,,,,,,,,,,,,,,,,,,,,,,,,,,,,,,,,,,,,,,
4,202,0,2.0,3.0,2.0,1994.0,,,,,,,,,5.0,1.0,1.0,1.0,1.0,2.0,2.0,,,12.0,,,,,,,532.0,,,,,,,,,,,,,,,,,,,,,,,,,,,,,,,,,,,,,,,,,,,,,,,,,,,,,,,,,,,,,,,,,,,,,,,,,,,,,,,,,,,,
5,202,1,2.0,3.0,2.0,1994.0,,1.0,,,,,,56.0,,,,,,,,,,12.0,,,,,,,532.0,4.0,5.0,2.0,2.0,0.0,0.0,2.0,1.0,1.0,1.0,4.0,,,,,,,,,,,,,,,6.0,4.0,1.0,1.0,1.0,4.0,2.0,,,,,,,,,,,,,,,,,,,,,,,,,,,,,,,,,,,,,,,,,,,,,,,,,,,,
6,202,2,2.0,3.0,2.0,1994.0,,,,,47.0,46.0,42.0,,,,,,,,,,,12.0,,,,,,,532.0,4.0,2.0,1.0,2.0,0.0,0.0,2.0,1.0,3.0,1.0,4.0,1.0,5.0,4.0,1.0,0.0,3.0,1.0,1.0,3.0,2.0,1.0,5.0,1.0,1.0,,,,,,,,,,,,,,,,,,,,,,,,,,,,,,,,,,,,,,,,,,,,,,,,,,,,,,,,,,,
7,202,3,2.0,3.0,2.0,1994.0,,,,,,,,,,,,,,,,,,12.0,,,,,,,532.0,,,,,,,,,,,,,,,,,,,,,,,,,,,,,,,,,,,,,,,,,,,,,,,,,,,,,,,,,,,,,,,,,,,,,,,,,,,,,,,,,,,,
8,301,0,3.0,3.0,2.0,1981.0,1.0,2.0,3.0,4.0,,,,50.0,,,,,,,,,,12.0,6.0,0.0,0.0,0.0,0.0,0.0,532.0,4.0,6.0,3.0,2.0,,,,,,,,,,,,,,,,,,,,,,,,,,,,,,,,,,,,,,,,,,,,,,,,,,,,,,,,,,,,,,,,,,,,,,,,,,,,,,,,
9,301,1,3.0,3.0,2.0,1981.0,,,,,27.0,32.0,33.0,,,,,,,,,,,12.0,6.0,0.0,0.0,0.0,0.0,0.0,532.0,,,,,,,,,,,,,,,,,,,,,,,,,,,,,,,,,0.0,,,,,,,,,,,,,,,,,,,,,,,,,,,,,,,,,,,,,,,,,,,,,,,,,,,
10,301,2,3.0,3.0,2.0,1981.0,,,,,,,,114.0,,,,,,,,,,12.0,6.0,0.0,0.0,0.0,0.0,0.0,532.0,,,,1.0,,,1.0,1.0,3.0,,,,,4.0,1.0,1.0,5.0,3.0,1.0,2.0,1.0,1.0,5.0,,,,,,,,,,,4.0,0.0,1.0,2.0,1.0,5.0,1.0,1.0,1.0,4.0,,,,,,,,,,,,,,,,,,,,,,,,,,,,,,,,,,,,,,,,,
11,301,3,3.0,3.0,2.0,1981.0,,,,,,,,,,,,,,,,,,12.0,6.0,0.0,0.0,0.0,0.0,0.0,532.0,,,,,,,,,,,,,,,,,,,,,,,,,,,,,,,,,,,,,,,,,,,,1.0,2.0,,,,,,,,,,,,,,,,,,,,,,,,,,,,,,,,,,,,,,,
12,302,0,3.0,3.0,2.0,1983.0,1.0,2.0,3.0,4.0,,,,54.0,,,,,,,,,,12.0,6.0,0.0,0.0,0.0,0.0,0.0,532.0,,,,,,,,,,,,,,,,,,,,,,,,,,,,,,,,,,,,,,,,,,,,,,,,,,,,,,,,,,,,,,,,,,,,,,,,,,,,,,,,,,,,
13,302,1,3.0,3.0,2.0,1983.0,,,,,38.0,42.0,39.0,91.0,,,,,,,,,,12.0,6.0,0.0,0.0,0.0,0.0,0.0,532.0,,,,,,,,,,,,,,,,,,,,,,,,,,,,,,,,,0.0,,,,,,,,,,,,,,,,,,,,,,,,,,,,,,,,,,,,,,,,,,,,,,,,,,,
14,302,2,3.0,3.0,2.0,1983.0,,,,,,,,110.0,,,,,,,,,,12.0,6.0,0.0,0.0,0.0,0.0,0.0,532.0,,,,,,,,,,,,,,4.0,0.0,1.0,5.0,2.0,1.0,1.0,1.0,,,,,,,,,,,,,,,,,,,,,,,,,4.0,,,,,,,,,,,,,,,,,,,,,,,,,,,,,,,,,,,,,,
15,302,3,3.0,3.0,2.0,1983.0,,,,,,,,,,,,,,,,,,12.0,6.0,0.0,0.0,0.0,0.0,0.0,532.0,,,,,,,,,,,,,,,,,,,,,,,,,,,,,,,,,,,,,,,,,,,,1.0,,,1.0,,,,,,,,,,,,,,,,,,,,,,,,,,,,,,,,,,,,,
16,303,0,3.0,3.0,2.0,1986.0,1.0,2.0,3.0,4.0,,,,,,,,,,,,,,12.0,6.0,0.0,0.0,0.0,0.0,0.0,532.0,,,,,,,,,,,,,,,,,,,,,,,,,,,,,,,,,0.0,,,,,,,,,,,,,,,,,,,,,,,,,,,,,,,,,,,,,,,,,,,,,,,,,,,
17,303,1,3.0,3.0,2.0,1986.0,,,,,,,,61.0,,,,,,,,,,12.0,6.0,0.0,0.0,0.0,0.0,0.0,532.0,,,,5.0,,,2.0,1.0,1.0,1.0,5.0,,,,,,,,,,,,,,,,,,,,,,,,,,,,,,,,,,,,,,,,,,,,,,,,,,,,,,,,,,,,,,,,,,,,,,,,,
18,303,2,3.0,3.0,2.0,1986.0,,,,,33.0,35.0,30.0,108.0,,,,,,,,1.0,1.0,12.0,6.0,0.0,0.0,0.0,0.0,0.0,532.0,,,,,,,,,,,,1.0,0.0,,,,,,,,,,,,,,,,,,,,,,,,,,,,,1.0,5.0,,,3.0,,4.0,5.0,1.0,5.0,1.0,,,,,,,,,,,,,,,,,,,,,,,,,,,,,,,,
19,303,3,3.0,3.0,2.0,1986.0,,,,,,,,,,,,,,,,,,12.0,6.0,0.0,0.0,0.0,0.0,0.0,532.0,,,,,,,,,,,,,,,,,,,,,,,,,,,,,,,,,,,,,,,,,,,,,,,1.0,,,,,,,,,,,,,,,,,,,,,,,,,,,,,,,,,,,,,
20,401,0,4.0,3.0,1.0,1980.0,,,,,,,,,,,,,,,,,,14.0,2.0,0.0,0.0,0.0,0.0,0.0,532.0,,,,,,,,,,,,,,,,,,,,,,,,,,,,,,,,,,,,,,,,,,,,,,,,,,,,,,,,,,,,,,,,,,,,,,,,,,,,,,,,,,,,
21,401,1,4.0,3.0,1.0,1980.0,,,,,35.0,33.0,,97.0,,,,,,,,,,14.0,2.0,0.0,0.0,0.0,0.0,0.0,532.0,4.0,5.0,,,1.0,1.0,,,,,1.0,,,,,,,,,,,,,,,,,,,,,,0.0,,,,,,,,,,,,,,,,,,,,,,,,,,,,,,,,,,,,,,,,,,,,,,,,,,,
22,401,2,4.0,3.0,1.0,1980.0,,,,,42.0,56.0,49.0,112.0,,,,,,,,,,14.0,2.0,0.0,0.0,0.0,0.0,0.0,532.0,,,,3.0,,,1.0,6.0,6.0,,,,,,,,,,,,,,,,,,,,,,,,,4.0,0.0,1.0,6.0,1.0,1.0,,,,,,,,,,,,,,1.0,,,,,,,,,,,,,,,,,,,,,,,,,,,,,,,
23,401,3,4.0,3.0,1.0,1980.0,,,,,,,,,,,,,,,,,,14.0,2.0,0.0,0.0,0.0,0.0,0.0,532.0,,,,,,,,,,,,,,,,,,,,,,,,,,,,,,,,,,,,,,,,,,,,,3.0,,,,,,,,,,,,,,,,,,,,,,,,,,,,,,,,,,,,,,,
24,403,0,4.0,3.0,2.0,1997.0,,,,,,,,,,,,,,,,,,14.0,,,,,,,532.0,,,,,,,,,,,,,,,,,,,,,,,,,,,,,,,,,,,,,,,,,,,,,,,,,,,,,,,,,,,,,,,,,,,,,,,,,,,,,,,,,,,,
25,403,1,4.0,3.0,2.0,1997.0,,,,,,,,,,,,,,,,,,14.0,,,,,,,532.0,,,,,,,,,,,,,,,,,,,,,,,,,,,,,,,,,,,,,,,,,,,,,,,,,,,,,,,,,,,,,,,,,,,,,,,,,,,,,,,,,,,,
26,403,2,4.0,3.0,2.0,1997.0,,,,,,,,,,,,,,,,,,14.0,,,,,,,532.0,,,,,,,,,,,,,,,,,,,,,,,,,,,,,,,,,,,,,,,,,,,,,,,,,,,,,,,,,,,,,,,,,,,,,,,,,,,,,,,,,,,,
27,403,3,4.0,3.0,2.0,1997.0,,,,,,,,,,,,,,,,,,14.0,,,,,,,532.0,,,,,,,,,,,,,,,,,,,,,,,,,,,,,,,,,,,,,,,,,,,,,,,,,,,,,,,,,,,,,,,,,,,,,,,,,,,,,,,,,,,,
28,801,0,8.0,3.0,2.0,1976.0,,,,,,,,,,,,,,,,,,14.0,7.0,1.0,0.0,0.0,0.0,0.0,532.0,,,,,,,,,,,,,,,,,,,,,,,,,,,,,,,,,,,,,,,,,,,,,,,,,,,,,,,,,,,,,,,,,,,,,,,,,,,,,,,,,,,,
29,801,1,8.0,3.0,2.0,1976.0,,,,,,,,,,,,,,,,,,14.0,7.0,1.0,0.0,0.0,0.0,0.0,532.0,,,,,,,,,,,,,,,,,,,,,,,,,,,,,,,,,,,,,,,,,,,,,,,,,,,,,,,,,,,,,,,,,,,,,,,,,,,,,,,,,,,,
30,801,2,8.0,3.0,2.0,1976.0,,,,,52.0,63.0,63.0,110.0,,,,,,,,,,14.0,7.0,1.0,0.0,0.0,0.0,0.0,532.0,,,,3.0,,,3.0,3.0,6.0,,,1.0,,,,,,,,,,,,,,,,,,,,,0.0,4.0,1.0,1.0,6.0,1.0,2.0,,,,,,,,,,,,,,1.0,4.0,4.0,1.0,1.0,3.0,3.0,1.0,3.0,2.0,1.0,,,,,,,,,,,,,,,,,,,,,
31,801,3,8.0,3.0,2.0,1976.0,,,,,55.0,67.0,61.0,149.0,,,,,,,,,,14.0,7.0,1.0,0.0,0.0,0.0,0.0,532.0,,,,3.0,,,2.0,6.0,6.0,,,,,,,,,,,,,,,,,,,,,,,,,2.0,0.0,0.0,6.0,1.0,4.0,1.0,1.0,,,2.0,,,,,,,,,,,,,,,,,,,,,,,,,,,,,,,,,,,,,,,,
32,802,0,8.0,3.0,1.0,1979.0,,,,,,,,,,,,,,,,,,14.0,6.0,0.0,0.0,0.0,0.0,0.0,532.0,,,,,,,,,,,,,,,,,,,,,,,,,,,,,,,,,,,,,,,,,,,,,,,,,,,,,,,,,,,,,,,,,,,,,,,,,,,,,,,,,,,,
33,802,1,8.0,3.0,1.0,1979.0,,,,,,,,,,,,,,,,,,14.0,6.0,0.0,0.0,0.0,0.0,0.0,532.0,4.0,2.0,6.0,,0.0,1.0,,,,1.0,2.0,,,,,,,,,,,,,,,,,,,,,,0.0,,,,,,,,,,,,,,,,,,,,,4.0,4.0,0.0,0.0,3.0,3.0,1.0,3.0,2.0,1.0,,,,,,,,,,,,,,,,,,,,,
34,802,2,8.0,3.0,1.0,1979.0,,,,,,,,,,,,,,,,,,14.0,6.0,0.0,0.0,0.0,0.0,0.0,532.0,,,,,,,,,,,,,,,,,,,,,,,,,,,,,,,,,,,,,,,,1.0,1.0,,,,,,,,,,,,1.0,,,,,,,,,,,,,,,,,,,,,,,,,,,,,,,
35,802,3,8.0,3.0,1.0,1979.0,,,,,,,,,,,,,,,,,,14.0,6.0,0.0,0.0,0.0,0.0,0.0,532.0,,,,,,,,,,,,,,,,,,,,,,,,,,,,,,,,,,,,,,,,,,,,3.0,1.0,,,,,,,,,,,,,,,,,,,,,,,,,,,,,,,,,,,,,,,
36,803,0,8.0,3.0,2.0,1982.0,1.0,2.0,3.0,4.0,,,,0.0,,,,,,,,,,14.0,7.0,1.0,0.0,0.0,0.0,0.0,532.0,4.0,4.0,2.0,3.0,,,,,,,,,,,,,,,,,,,,,,,,,,,,,,,,,,,,,,,,,,,,,,,,,,,,,,,,,,,,,,,,,,,,,,,,,,,,,,,,
37,803,1,8.0,3.0,2.0,1982.0,1.0,2.0,3.0,,,,,,,,,,,,,,,14.0,7.0,1.0,0.0,0.0,0.0,0.0,532.0,4.0,3.0,6.0,,0.0,0.0,,,,1.0,3.0,,,,,,,,,,,,,,,,,,,,,,0.0,,,,,,,,,,,,,,,,,,,,,,,,,,,,,,,,,,,,,,,,,,,,,,,,,,,
38,803,2,8.0,3.0,2.0,1982.0,,,,,55.0,81.0,45.0,114.0,,,,,,,,,,14.0,7.0,1.0,0.0,0.0,0.0,0.0,532.0,4.0,4.0,6.0,,0.0,1.0,,,,1.0,4.0,,,4.0,1.0,1.0,2.0,2.0,2.0,3.0,6.0,0.0,3.0,,,,,,,,,,,,,,,,,,,1.0,1.0,,,4.0,,1.0,,,,,,,,,,,,,,,,,,,,,,,,,,,,,,,,,,,,
39,803,3,8.0,3.0,2.0,1982.0,,,,,,,,,,,,,,,,,,14.0,7.0,1.0,0.0,0.0,0.0,0.0,532.0,,,,,,,,,,,,,,,,,,,,,,,,,,,,,,,,,,,,,,,,,,,,3.0,1.0,,,,,,,,,,,,,,,,,,,1.0,3.0,,,,,,,,,,,,,,,,,,,
40,1001,0,10.0,3.0,2.0,1983.0,1.0,2.0,3.0,4.0,13.0,18.0,18.0,64.0,,,,,,,,,,9.0,8.0,0.0,0.0,1.0,0.0,0.0,532.0,,,,,,,,,,,,,,,,,,,,,,,,,,,,,,,,,0.0,,,,,,,,,,,,,,,,,,,,,,,,,,,,,,,,,,,,,,,,,,,,,,,,,,,
41,1001,1,10.0,3.0,2.0,1983.0,,,,,15.0,26.0,24.0,,,,,,,,,,,9.0,8.0,0.0,0.0,1.0,0.0,0.0,532.0,,,,,,,,,,,,,,,,,,,,,,,,,,,,,,,,,0.0,,,,,,,,,,,,,,,,,,,,,,,,,,,,,,,,,,,,,,,,,,,,,,,,,,,
42,1001,2,10.0,3.0,2.0,1983.0,,,,,60.0,53.0,56.0,113.0,,,,,,,,,,9.0,8.0,0.0,0.0,1.0,0.0,0.0,532.0,,,,,,,,,,,,,,3.0,1.0,1.0,3.0,2.0,1.0,3.0,2.0,1.0,5.0,,,,,,,,,,,,,,,,,,,0.0,1.0,,,,,1.0,,,,,,,,,,,,,,,,,,,,,,,,,,,,,,,,,,,,
43,1001,3,10.0,3.0,2.0,1983.0,,,,,,,,,,,,,,,,,,9.0,8.0,0.0,0.0,1.0,0.0,0.0,532.0,,,,,,,,,,,,,,,,,,,,,,,,,,,,,,,,,,,,,,,,,,,,,,,1.0,,,,,,,,,,,,,,,,,,,,,,,,,,,,,,,,,,,,,
44,1002,0,10.0,3.0,2.0,1988.0,1.0,2.0,3.0,4.0,,,,,,,,,,,,,,9.0,,,,,,,532.0,,,,,,,,,,,,,,,,,,,,,,,,,,,,,,,,,,,,,,,,,,,,,,,,,,,,,,,,,,,,,,,,,,,,,,,,,,,,,,,,,,,,
45,1002,1,10.0,3.0,2.0,1988.0,,,,,17.0,17.0,17.0,53.0,,,,,,,,,,9.0,,,,,,,532.0,4.0,5.0,2.0,3.0,0.0,1.0,3.0,1.0,3.0,1.0,4.0,,,,,,,,,,,,,,,,,,,,,,,,,,,,,,,,,,,,,,,,,,,,,,,,,,,,,,,,,,,,,,,,,,,,,,,,,
46,1002,2,10.0,3.0,2.0,1988.0,,,,,,,,,,,,,,,,,,9.0,,,,,,,532.0,,,,,,,,,,,,,,,,,,,,,,,,,,,,,,,,,,,,,,,,,,,,,,,,,,,,,,,,,,,,,,,,,,,,,,,,,,,,,,,,,,,,
47,1002,3,10.0,3.0,2.0,1988.0,,,,,,,,,,,,,,,,,,9.0,,,,,,,532.0,,,,,,,,,,,,,,,,,,,,,,,,,,,,,,,,,,,,,,,,,,,,,,,,,,,,,,,,,,,,,,,,,,,,,,,,,,,,,,,,,,,,
48,1201,0,12.0,3.0,1.0,1989.0,1.0,2.0,3.0,4.0,12.0,13.0,13.0,63.0,,,,,,,,,,16.0,,,,,,,532.0,,,,,,,,,,,,,,,,,,,,,,,,,,,,,,,,,,,,,,,,,,,,,,,,,,,,,,,,,,,,,,,,,,,,,,,,,,,,,,,,,,,,
49,1201,1,12.0,3.0,1.0,1989.0,,,,,,,,,,,,,,,,,,16.0,,,,,,,532.0,,,,,,,,,,,,,,,,,,,,,,,,,,,,,,,,,,,,,,,,,,,,,,,,,,,,,,,,,,,,,,,,,,,,,,,,,,,,,,,,,,,,
50,1201,2,12.0,3.0,1.0,1989.0,,,,,,,,,,,,,,,,,,16.0,,,,,,,532.0,,,,,,,,,,,,,,,,,,,,,,,,,,,,,,,,,,,,,,,,,,,,,,,,,,,,,,,,,,,,,,,,,,,,,,,,,,,,,,,,,,,,
51,1201,3,12.0,3.0,1.0,1989.0,,,,,,,,,,,,,,,,,,16.0,,,,,,,532.0,,,,,,,,,,,,,,,,,,,,,,,,,,,,,,,,,,,,,,,,,,,,,,,,,,,,,,,,,,,,,,,,,,,,,,,,,,,,,,,,,,,,
52,1202,0,12.0,3.0,1.0,1993.0,,,,,,,,,,,,,,,,,,16.0,,,,,,,532.0,,,,,,,,,,,,,,,,,,,,,,,,,,,,,,,,,,,,,,,,,,,,,,,,,,,,,,,,,,,,,,,,,,,,,,,,,,,,,,,,,,,,
53,1202,1,12.0,3.0,1.0,1993.0,,,,,,,,,,,,,,,,,,16.0,,,,,,,532.0,,,,,,,,,,,,,,,,,,,,,,,,,,,,,,,,,,,,,,,,,,,,,,,,,,,,,,,,,,,,,,,,,,,,,,,,,,,,,,,,,,,,
54,1202,2,12.0,3.0,1.0,1993.0,,,,,,,,,,,,,,,,,,16.0,,,,,,,532.0,,,,,,,,,,,,,,,,,,,,,,,,,,,,,,,,,,,,,,,,,,,,,,,,,,,,,,,,,,,,,,,,,,,,,,,,,,,,,,,,,,,,
55,1202,3,12.0,3.0,1.0,1993.0,,,,,,,,,,,,,,,,,,16.0,,,,,,,532.0,,,,,,,,,,,,,,,,,,,,,,,,,,,,,,,,,,,,,,,,,,,,,,,,,,,,,,,,,,,,,,,,,,,,,,,,,,,,,,,,,,,,
56,1601,0,16.0,3.0,1.0,1990.0,1.0,2.0,3.0,4.0,,,,60.0,,,,,,,,,,13.0,3.0,0.0,0.0,0.0,0.0,0.0,532.0,,,,,,,,,,,,,,,,,,,,,,,,,,,,,,,,,,,,,,,,,,,,,,,,,,,,,,,,,,,,,,,,,,,,,,,,,,,,,,,,,,,,
57,1601,1,16.0,3.0,1.0,1990.0,,,,,,,,,,,,,,,,3.0,3.0,13.0,3.0,0.0,0.0,0.0,0.0,0.0,532.0,4.0,5.0,2.0,2.0,0.0,1.0,3.0,1.0,3.0,1.0,5.0,,4.0,,,,,,,,,,,,,,,,,,,,,,,,,,,,,,4.0,,,6.0,,3.0,,,,,,,,,,,,,,,,,,1.0,4.0,1.0,,,,,,,,,,,,,,,,
58,1601,2,16.0,3.0,1.0,1990.0,,,,,55.0,68.0,57.0,105.0,,,,,,,,,,13.0,3.0,0.0,0.0,0.0,0.0,0.0,532.0,,,,,,,,,,,,3.0,3.0,4.0,1.0,1.0,2.0,2.0,1.0,3.0,2.0,1.0,5.0,3.0,1.0,,,,,,,,,,,,,,,,,1.0,,,,,,,,,,,,,,,,,,,,,,,,,,,,,,,,,,,,,,,,,,
59,1601,3,16.0,3.0,1.0,1990.0,,,,,,,,,,,,,,,,,,13.0,3.0,0.0,0.0,0.0,0.0,0.0,532.0,,,,,,,,,,,,,,,,,,,,,,,,,,,,,,,,,,,,,,,,,,,,,,,2.0,,,,,,,,,,,,,,,,,3.0,,,,,,,,,,,,,,,,,,,,
60,1602,0,16.0,3.0,1.0,1993.0,,,,,,,,34.0,3.0,1.0,1.0,1.0,1.0,2.0,2.0,,,13.0,5.0,0.0,0.0,0.0,0.0,0.0,532.0,,,,,,,,,,,,,,,,,,,,,,,,,,,,,,,,,,,,,,,,,,,,,,,,,,,,,,,,,,,,,,,,,,,,,,,,,,,,,,,,,,,,
61,1602,1,16.0,3.0,1.0,1993.0,,,,,,,,,,,,,,,,,,13.0,5.0,0.0,0.0,0.0,0.0,0.0,532.0,,,,,,,,,,,,,,,,,,,,,,,,,,,,,,,,,,,,,,,,,,,,,,,,,,,,,,,,,,,,,,,,,,,,,,,,,,,,,,,,,,,,
62,1602,2,16.0,3.0,1.0,1993.0,,,,,,,,103.0,,,,,,,,,,13.0,5.0,0.0,0.0,0.0,0.0,0.0,532.0,,,,,,,,,,,,1.0,,,,,,,,,,,,3.0,,,,,,,,,,,,,,,,,,,,,,,,,,,,,,,,,,,,,,,,,,,,,,,,,,,,,,,,,,,,
63,1602,3,16.0,3.0,1.0,1993.0,,,,,,,,,,,,,,,,,,13.0,5.0,0.0,0.0,0.0,0.0,0.0,532.0,,,,,,,,,,,,,,,,,,,,,,,,,,,,,,,,,,,,,,,,,,,,,,,1.0,,,,,,,,,,,,,,,,,1.0,,,,,5.0,,,,,,,,,,,,,,,
64,1603,0,16.0,3.0,2.0,1996.0,,,,,,,,,,,,,,,,,,13.0,3.0,0.0,0.0,0.0,0.0,0.0,532.0,,,,,,,,,,,,,,,,,,,,,,,,,,,,,,,,,,,,,,,,,,,,,,,,,,,,,,,,,,,,,,,,,,,,,,5.0,1.0,1.0,1.0,1.0,2.0,,,,,,,,,
65,1603,1,16.0,3.0,2.0,1996.0,1.0,1.0,,,,,,2.0,,,,,,,,,,13.0,3.0,0.0,0.0,0.0,0.0,0.0,532.0,4.0,4.0,4.0,2.0,1.0,1.0,3.0,1.0,5.0,1.0,5.0,3.0,,,,,,,,,,,,3.0,,,,,1.0,1.0,,,,,,,,,,,,,,,,,,,,,,,,,,,,,,,,,,,,,,,,,,,,,,,,,,,,,,
66,1603,2,16.0,3.0,2.0,1996.0,,,,,44.0,65.0,42.0,97.0,,,,,,,,,,13.0,3.0,0.0,0.0,0.0,0.0,0.0,532.0,4.0,4.0,4.0,3.0,1.0,1.0,2.0,3.0,6.0,1.0,5.0,3.0,1.0,4.0,1.0,1.0,3.0,3.0,4.0,5.0,6.0,1.0,5.0,,1.0,,,,,,,,,,,,,,,,,,,,,,,,,,,,,,,,,,,,,,,,,,,,,,,,,,,,,,,,,,,
67,1603,3,16.0,3.0,2.0,1996.0,,,,,,,,,,,,,,,,,,13.0,3.0,0.0,0.0,0.0,0.0,0.0,532.0,,,,,,,,,,,,,,,,,,,,,,,,,,,,,,,,,,,,,,,,,,,,,,,,,,,,,,,,,,,,,,,,,1.0,,,,,,,,,,,96000.0,,,,,,,,
68,1901,0,19.0,3.0,2.0,1987.0,,,,,,,,,,,,,,,,,,12.0,3.0,0.0,0.0,0.0,0.0,0.0,532.0,,,,,,,,,,,,,,,,,,,,,,,,,,,,,,,,,,,,,,,,,,,,,,,,,,,,,,,,,,,,,,,,,,,,,,,,,,,,,,,,,,,,
69,1901,1,19.0,3.0,2.0,1987.0,,,,,18.0,35.0,20.0,85.0,,,,,,,,,,12.0,3.0,0.0,0.0,0.0,0.0,0.0,532.0,4.0,5.0,5.0,4.0,0.0,0.0,2.0,4.0,4.0,0.0,5.0,,,,,,,,,,,,,,,,,,,,,,,,,,,,,,,,,,,,,,,,,,,,,,,,,,,,,,,,,,,,,,,,,,,,,,,,,
70,1901,2,19.0,3.0,2.0,1987.0,,,,,42.0,53.0,41.0,98.0,,,,,,,,,,12.0,3.0,0.0,0.0,0.0,0.0,0.0,532.0,,,,,,,,,,,,,5.0,,,,,,,,,,,,,,,,,,,,,,,,,,,,,,,,,,,,,,,,,,,,,,,,,,,,,,,,,,,,,,,,,,,,,,,
71,1901,3,19.0,3.0,2.0,1987.0,,,,,,,,,,,,,,,,,,12.0,3.0,0.0,0.0,0.0,0.0,0.0,532.0,,,,,,,,,,,,,,,,,,,,,,,,,,,,,,,,,,,,,,,,,,,,,,,,,,,,,,,,,,,,,,,,,,,,,,,,,,,,,,,,,,,,
72,2001,0,20.0,3.0,2.0,1990.0,1.0,2.0,3.0,4.0,,,,54.0,,,,,,,,,,17.0,10.0,0.0,1.0,0.0,1.0,0.0,532.0,,,,,,,,,,,,,,,,,,,,,,,,,,,,,,,,,,,,,,,,,,,,,,,,,,,,,,,,,,,,,,,,,,,,,,,,,,,,,,,,,,,,
73,2001,1,20.0,3.0,2.0,1990.0,1.0,2.0,3.0,4.0,,,,,,,,,,,,1.0,1.0,17.0,10.0,0.0,1.0,0.0,1.0,0.0,532.0,,,,,,,,,,,,,4.0,,,,,,,,,,,,,,,,,,,,,,,,,,,,,,1.0,,,,,1.0,,,,,,,,,,,,,,,,,,6.0,4.0,1.0,,,,,,,,,,,,,,,,
74,2001,2,20.0,3.0,2.0,1990.0,,,,,50.0,73.0,65.0,119.0,,,,,,,,,,17.0,10.0,0.0,1.0,0.0,1.0,0.0,532.0,,,,,,,,,,,,1.0,4.0,4.0,1.0,1.0,3.0,3.0,1.0,2.0,2.0,1.0,5.0,1.0,1.0,,,,,,,,,,,,,,,,,1.0,,,,,,,,,,,,,,,,,,,,,,,,,,,,,,,,,,,,,,,,,,
75,2001,3,20.0,3.0,2.0,1990.0,,,,,,,,,,,,,,,,,,17.0,10.0,0.0,1.0,0.0,1.0,0.0,532.0,,,,,,,,,,,,,,,,,,,,,,,,,,,,,,,,,,,,,,,,,,,,,,,1.0,,,,,,,,,,,,,,,,,,,,,,,,,,,,,150000.0,,,,,,,,
76,2501,0,25.0,3.0,1.0,1990.0,1.0,2.0,3.0,4.0,,,,35.0,,,,,,,,,,14.0,8.0,0.0,0.0,1.0,0.0,0.0,532.0,,,,,,,,,,,,,,,,,,,,,,,,,,,,,,,,,,,,,,,,,,,,,,,,,,,,,,,,,,,,,,,,,,,,,,,,,,,,,,,,,,,,
77,2501,1,25.0,3.0,1.0,1990.0,1.0,2.0,3.0,4.0,,,,,,,,,,,,1.0,1.0,14.0,8.0,0.0,0.0,1.0,0.0,0.0,532.0,,,,,,,,,,,,,0.0,,,,,,,,,,,,,,,,,,,,,,,,,,,,,,4.0,,,,,2.0,,,,,,,,,,,,,,,,,,3.0,4.0,1.0,,,,,,,,,,,,,,,,
78,2501,2,25.0,3.0,1.0,1990.0,,,,,63.0,68.0,58.0,108.0,,,,,,,,,,14.0,8.0,0.0,0.0,1.0,0.0,0.0,532.0,4.0,2.0,2.0,2.0,0.0,1.0,2.0,1.0,2.0,1.0,5.0,1.0,3.0,3.0,0.0,1.0,2.0,1.0,1.0,1.0,1.0,1.0,4.0,1.0,1.0,,,,,,,,,,,,,,,,,1.0,,,,,,,,,,,,,,,,,,,,,,,,,,,,,,,,,,,,,,,,,,
79,2501,3,25.0,3.0,1.0,1990.0,,,,,,,,,,,,,,,,,,14.0,8.0,0.0,0.0,1.0,0.0,0.0,532.0,,,,,,,,,,,,,,,,,,,,,,,,,,,,,,,,,,,,,,,,,,,,,,,1.0,,,,,,,,,,,,,,,,,,,,,,,,,,,,,,,,,,,,,
80,2502,0,25.0,3.0,2.0,1993.0,,,,,,,,25.0,3.0,1.0,1.0,1.0,1.0,2.0,2.0,,,14.0,8.0,0.0,0.0,1.0,0.0,0.0,532.0,,,,,,,,,,,,,,,,,,,,,,,,,,,,,,,,,,,,,,,,,,,,,,,,,,,,,,,,,,,,,,,,,,,,,,,,,,,,,,,,,,,,
81,2502,1,25.0,3.0,2.0,1993.0,,,,,,,,,,,,,,,,,,14.0,8.0,0.0,0.0,1.0,0.0,0.0,532.0,,,,,,,,,,,,,,,,,,,,,,,,,,,,,,,,,,,,,,,,,,,,,,,,,,,,,,,,,,,,,,,,,,,,,,,,,,,,,,,,,,,,
82,2502,2,25.0,3.0,2.0,1993.0,,,,,49.0,61.0,36.0,91.0,,,,,,,,,,14.0,8.0,0.0,0.0,1.0,0.0,0.0,532.0,,,,,,,,,,,,1.0,,,,0.0,,,,,,,,1.0,,,,,,,,,,,,,,,,,,,,,,,,,,,,,,,,,,,,,,,,,,,,,,,,,,,,,,,,,,,,
83,2502,3,25.0,3.0,2.0,1993.0,,,,,,,,,,,,,,,,,,14.0,8.0,0.0,0.0,1.0,0.0,0.0,532.0,,,,,,,,,,,,,,,,,,,,,,,,,,,,,,,,,,,,,,,,,,,,,,,1.0,,,,,,,,,,,,,,,,,1.0,,,,,7.0,,,,,,,-2.0,,,,,,,,
84,2701,0,27.0,3.0,2.0,1988.0,1.0,2.0,3.0,4.0,,,,62.0,,,,,,,,,,16.0,10.0,0.0,1.0,0.0,1.0,0.0,532.0,,,,,,,,,,,,,,,,,,,,,,,,,,,,,,,,,,,,,,,,,,,,,,,,,,,,,,,,,,,,,,,,,,,,,,,,,,,,,,,,,,,,
85,2701,1,27.0,3.0,2.0,1988.0,,,,,,,,92.0,,,,,,,,,,16.0,10.0,0.0,1.0,0.0,1.0,0.0,532.0,,,,,,,,,,,,,,,,,,,,,,,,,,,,,,,,,,,,,,,,,,,1.0,,,3.0,,1.0,,,,,,,,,,,,,,,,,,,,,,,,,,,,,,,,,,,,
86,2701,2,27.0,3.0,2.0,1988.0,,,,,65.0,71.0,60.0,125.0,,,,,,,,1.0,1.0,16.0,10.0,0.0,1.0,0.0,1.0,0.0,532.0,,,,,,,,,,,,1.0,2.0,4.0,1.0,1.0,3.0,3.0,2.0,2.0,3.0,1.0,5.0,,,,,,,,,,,,,,,,,,,1.0,,,,,,,3.0,1.0,5.0,1.0,,,,,,,,,,,,,,,,,,,,,,,,,4.0,1.0,,,,,,
87,2701,3,27.0,3.0,2.0,1988.0,,,,,,,,,,,,,,,,,,16.0,10.0,0.0,1.0,0.0,1.0,0.0,532.0,,,,,,,,,,,,,,,,,,,,,,,,,,,,,,,,,,,,,,,,,,,,,,,2.0,,,,,,,,,,,,,,,,,,,,,,6.0,,,,,,,,,,,,,,,
88,2702,0,27.0,3.0,1.0,1992.0,1.0,2.0,3.0,4.0,,,,47.0,,,,,,,,,,16.0,8.0,0.0,0.0,1.0,0.0,0.0,532.0,,,,,,,,,,,,,,,,,,,,,,,,,,,,,,,,,,,,,,,,,,,,,,,,,,,,,,,,,,,,,,,,,,,,,,,,,,,,,,,,,,,,
89,2702,1,27.0,3.0,1.0,1992.0,,,,,,,,,,,,,,,,5.0,5.0,16.0,8.0,0.0,0.0,1.0,0.0,0.0,532.0,4.0,5.0,3.0,3.0,1.0,1.0,3.0,2.0,2.0,1.0,5.0,1.0,,,,,,,,,,,,,,,,,,,,,,,,,,,,,,,,,,,,,,,,,,,,,,,,,,,,,,6.0,4.0,1.0,,,,,,,,,,,,,,,,
90,2702,2,27.0,3.0,1.0,1992.0,,,,,61.0,62.0,57.0,114.0,,,,,,,,,,16.0,8.0,0.0,0.0,1.0,0.0,0.0,532.0,,,,,,,,,,,,-7.0,2.0,4.0,1.0,1.0,3.0,3.0,2.0,3.0,4.0,1.0,5.0,1.0,1.0,,,,,,,,,,,,,,,,,,,,,,,,,,,,,,,,,,,,,,,,,,,,,,,,,,,,,,,,,,,
91,2702,3,27.0,3.0,1.0,1992.0,,,,,,,,,,,,,,,,,,16.0,8.0,0.0,0.0,1.0,0.0,0.0,532.0,,,,,,,,,,,,,,,,,,,,,,,,,,,,,,,,,,,,,,,,,,,,,,,2.0,,,,,,,,,,,,,,,,,2.0,,,,,,,,,,,,,,,,,,,,
92,3001,0,30.0,3.0,1.0,1982.0,1.0,2.0,3.0,4.0,,,,,,,,,,,,,,12.0,8.0,0.0,0.0,1.0,0.0,0.0,532.0,4.0,5.0,2.0,2.0,,,,,,,,,,,,,,,,,,,,,,,,,,,,,,,,,,,,,,,,,,,,,,,,,,,,,,,,,,,,,,,,,,,,,,,,,,,,,,,,
93,3001,1,30.0,3.0,1.0,1982.0,,,,,,,,,,,,,,,,,,12.0,8.0,0.0,0.0,1.0,0.0,0.0,532.0,,,,,,,,,,,,,,,,,,,,,,,,,,,,,,,,,,,,,,,,,,,,,,,,,,,,,,,,,,,,,,,,,,,,,,,,,,,,,,,,,,,,
94,3001,2,30.0,3.0,1.0,1982.0,,,,,,,,,,,,,,,,,,12.0,8.0,0.0,0.0,1.0,0.0,0.0,532.0,4.0,6.0,2.0,,1.0,1.0,,,,1.0,5.0,,,4.0,1.0,1.0,2.0,3.0,1.0,2.0,2.0,1.0,5.0,,,,,,,,,,,,,,,,,,,,1.0,,,,,1.0,,,,,,,,,,,,,,,,,,,,,,,,,,,,,,,,,,,,
95,3001,3,30.0,3.0,1.0,1982.0,,,,,,,,,,,,,,,,,,12.0,8.0,0.0,0.0,1.0,0.0,0.0,532.0,,,,,,,,,,,,,,,,,,,,,,,,,,,,,,,,,,,,,,,,,,,,,,,,,,,,,,,,,,,,,,,,,,,,,,,,,,,,,,,,,,,,
96,3002,0,30.0,3.0,1.0,1987.0,,,,,,,,,,,,,,,,,,12.0,3.0,0.0,0.0,0.0,0.0,0.0,532.0,,,,,,,,,,,,,,,,,,,,,,,,,,,,,,,,,,,,,,,,,,,,,,,,,,,,,,,,,,,,,,,,,,,,,,,,,,,,,,,,,,,,
97,3002,1,30.0,3.0,1.0,1987.0,,,,,,,,,,,,,,,,,,12.0,3.0,0.0,0.0,0.0,0.0,0.0,532.0,,,,,,,,,,,,,,,,,,,,,,,,,,,,,,,,,,,,,,,,,,,1.0,,,,,1.0,,,,,,,,,,,,,,,,,,,,,,,,,,,,,,,,,,,,
98,3002,2,30.0,3.0,1.0,1987.0,,,,,,,,,,,,,,,,1.0,1.0,12.0,3.0,0.0,0.0,0.0,0.0,0.0,532.0,,,,,,,,,,,,1.0,,,,,,,,,,,,,,,,,,,,,,,,,,,,,,,,,,,,,2.0,1.0,5.0,1.0,,,,,,,,,,,,,,,,,,,,,,,,,4.0,1.0,,,,,,
99,3002,3,30.0,3.0,1.0,1987.0,,,,,,,,,,,,,,,,,,12.0,3.0,0.0,0.0,0.0,0.0,0.0,532.0,,,,,,,,,,,,,,,,,,,,,,,,,,,,,,,,,,,,,,,,,,,,,,,1.0,,,,,,,,,,,,,,,,,0.0,,,,,5.0,,,,,,,30000.0,,,,,,,,
100,3003,0,30.0,3.0,1.0,1991.0,,,,,,,,,,,,,,,,,,12.0,6.0,0.0,0.0,0.0,0.0,0.0,532.0,,,,,,,,,,,,,,,,,,,,,,,,,,,,,,,,,,,,,,,,,,,,,,,,,,,,,,,,,,,,,,,,,,,,,,,,,,,,,,,,,,,,
101,3003,1,30.0,3.0,1.0,1991.0,,,,,,,,,,,,,,,,1.0,1.0,12.0,6.0,0.0,0.0,0.0,0.0,0.0,532.0,,,,,,,,,,,,1.0,,,,,,,,,,,,,,,,,,,,,,,,,,,,,,,,,,,,,,,,,,,,,,,,,,,,,,6.0,4.0,1.0,,,,,,,,,,,,,,,,
102,3003,2,30.0,3.0,1.0,1991.0,,,,,,,,,,,,,,,,,,12.0,6.0,0.0,0.0,0.0,0.0,0.0,532.0,,,,,,,,,,,,1.0,3.0,,,,,,,,,,,1.0,,,,,,,,,,,,,,,,,,1.0,,,,,,,,,,,,,,,,,,,,,,,,,,,,,,,,,,,,,,,,,,
103,3003,3,30.0,3.0,1.0,1991.0,,,,,,,,,,,,,,,,,,12.0,6.0,0.0,0.0,0.0,0.0,0.0,532.0,,,,,,,,,,,,,,,,,,,,,,,,,,,,,,,,,,,,,,,,,,,,,,,1.0,,,,,,,,,,,,,,,,,0.0,,,,,-7.0,,,,,,,48000.0,,,,,,,,
104,3501,0,35.0,3.0,2.0,1990.0,1.0,2.0,3.0,4.0,,,,,,,,,,,,,,13.0,,,,,,,532.0,,,,,,,,,,,,,,,,,,,,,,,,,,,,,,,,,,,,,,,,,,,,,,,,,,,,,,,,,,,,,,,,,,,,,,,,,,,,,,,,,,,,
105,3501,1,35.0,3.0,2.0,1990.0,,,,,29.0,37.0,38.0,,,,,,,,,1.0,1.0,13.0,,,,,,,532.0,4.0,6.0,1.0,3.0,1.0,1.0,2.0,1.0,2.0,1.0,1.0,,3.0,,,,,,,,,,,,,,,,,,,,,,,,,,,,,,1.0,,,,,1.0,,,,,,,,,,,,,,,,,,5.0,4.0,1.0,,,,,,,,,,,,,,,,
106,3501,2,35.0,3.0,2.0,1990.0,,,,,,,,,,,,,,,,,,13.0,,,,,,,532.0,,,,,,,,,,,,,,,,,,,,,,,,,,,,,,,,,,,,,,,,,,,,,,,,,,,,,,,,,,,,,,,,,,,,,,,,,,,,,,,,,,,,
107,3501,3,35.0,3.0,2.0,1990.0,,,,,,,,,,,,,,,,,,13.0,,,,,,,532.0,,,,,,,,,,,,,,,,,,,,,,,,,,,,,,,,,,,,,,,,,,,,,,,,,,,,,,,,,,,,,,,,,,,,,,,,,,,,,,,,,,,,
108,3502,0,35.0,3.0,2.0,1993.0,1.0,2.0,3.0,4.0,12.0,18.0,18.0,65.0,5.0,1.0,1.0,1.0,1.0,2.0,3.0,1.0,1.0,13.0,,,,,,,532.0,,,,,,,,,,,,,,,,,,,,,,,,,,,,,,,,,,,,,,,,,,,,,,,,,,,,,,,,,,,,,,,,,,,,,,,,,,,,,,,,,,,,
109,3502,1,35.0,3.0,2.0,1993.0,,,,,,,,,,,,,,,,,,13.0,,,,,,,532.0,,,,,,,,,,,,,,,,,,,,,,,,,,,,,,,,,,,,,,,,,,,,,,,,,,,,,,,,,,,,,,,,,,,,,,,,,,,,,,,,,,,,
110,3502,2,35.0,3.0,2.0,1993.0,,,,,,,,,,,,,,,,,,13.0,,,,,,,532.0,,,,,,,,,,,,,,,,,,,,,,,,,,,,,,,,,,,,,,,,,,,,,,,,,,,,,,,,,,,,,,,,,,,,,,,,,,,,,,,,,,,,
111,3502,3,35.0,3.0,2.0,1993.0,,,,,,,,,,,,,,,,,,13.0,,,,,,,532.0,,,,,,,,,,,,,,,,,,,,,,,,,,,,,,,,,,,,,,,,,,,,,,,,,,,,,,,,,,,,,,,,,,,,,,,,,,,,,,,,,,,,
112,3701,0,37.0,3.0,2.0,1990.0,1.0,2.0,3.0,4.0,,,,42.0,,,,,,,,,,12.0,3.0,0.0,0.0,0.0,0.0,0.0,532.0,,,,,,,,,,,,,,,,,,,,,,,,,,,,,,,,,,,,,,,,,,,,,,,,,,,,,,,,,,,,,,,,,,,,,,,,,,,,,,,,,,,,
113,3701,1,37.0,3.0,2.0,1990.0,,,,,,,,,,,,,,,,1.0,1.0,12.0,3.0,0.0,0.0,0.0,0.0,0.0,532.0,4.0,6.0,2.0,2.0,1.0,1.0,1.0,1.0,3.0,1.0,5.0,,0.0,,,,,,,,,,,,,,,,,,,,,,,,,,,,,,1.0,,,3.0,,1.0,,,,,,,,,,,,,,,,,,3.0,4.0,0.0,,,,,,,,,,,,,,,,
114,3701,2,37.0,3.0,2.0,1990.0,,,,,65.0,82.0,60.0,,,,,,,,,,,12.0,3.0,0.0,0.0,0.0,0.0,0.0,532.0,,,,,,,,,,,,1.0,3.0,4.0,1.0,1.0,3.0,1.0,1.0,1.0,2.0,1.0,5.0,,,,,,,,,,,,,,,,,,,1.0,,,,,,,,,,,,,,,,,,,,,,,,,,,,,,,,,,,,,,,,,,
115,3701,3,37.0,3.0,2.0,1990.0,,,,,,,,,,,,,,,,,,12.0,3.0,0.0,0.0,0.0,0.0,0.0,532.0,,,,,,,,,,,,,,,,,,,,,,,,,,,,,,,,,,,,,,,,,,,,,,,,,,,,,,,,,,,,,,,,,,,,,,,,,,,,,,,,,,,,
116,4301,0,43.0,3.0,2.0,1982.0,1.0,2.0,3.0,4.0,,,,16.0,,,,,,,,,,12.0,6.0,0.0,0.0,0.0,0.0,0.0,532.0,4.0,4.0,,1.0,,,,,,,,,,,,,,,,,,,,,,,,,,,,,,,,,,,,,,,,,,,,,,,,,,,,,,,,,,,,,,,,,,,,,,,,,,,,,,,,
117,4301,1,43.0,3.0,2.0,1982.0,1.0,2.0,3.0,4.0,,,,,,,,,,,,,,12.0,6.0,0.0,0.0,0.0,0.0,0.0,532.0,4.0,4.0,6.0,,0.0,0.0,,,,1.0,1.0,,,,,,,,,,,,,,,,,,,,,,0.0,,,,,,,,,,,,,,,,,,,,,,,,,,,,,,,,,,,,,,,,,,,,,,,,,,,
118,4301,2,43.0,3.0,2.0,1982.0,,,,,46.0,43.0,47.0,100.0,,,,,,,,,,12.0,6.0,0.0,0.0,0.0,0.0,0.0,532.0,4.0,4.0,6.0,,0.0,0.0,,,,1.0,5.0,,,4.0,1.0,0.0,1.0,1.0,5.0,5.0,6.0,1.0,5.0,,,,,,,,,,,,,,,,,,,0.0,1.0,,,4.0,,1.0,,,,,,,,,,,,,,,,,,,,,,,,,,,,,,,,,,,,
119,4301,3,43.0,3.0,2.0,1982.0,,,,,,,,,,,,,,,,,,12.0,6.0,0.0,0.0,0.0,0.0,0.0,532.0,,,,,,,,,,,,,,,,,,,,,,,,,,,,,,,,,,,,,,,,,,,,1.0,3.0,,,,,,,,,,,,,,,,,,,,,,,,,,,,,,,,,,,,,,,
120,4302,0,43.0,3.0,2.0,1989.0,,,,,7.0,7.0,7.0,61.0,,,,,,,,,,12.0,2.0,0.0,0.0,0.0,0.0,0.0,532.0,,,,,,,,,,,,,,,,,,,,,,,,,,,,,,,,,,,,,,,,,,,,,,,,,,,,,,,,,,,,,,,,,,,,,,,,,,,,,,,3.0,,,,,
121,4302,1,43.0,3.0,2.0,1989.0,,,,,,,,,,,,,,,,1.0,1.0,12.0,2.0,0.0,0.0,0.0,0.0,0.0,532.0,4.0,4.0,2.0,1.0,0.0,0.0,1.0,3.0,3.0,1.0,4.0,,4.0,,,,,,,,,,,,,,,,,,,,,,,,,,,,,,1.0,,,4.0,,1.0,,,,,,,,,,,,,,,,,,4.0,4.0,0.0,,,,,,,,,,,,,,,,
122,4302,2,43.0,3.0,2.0,1989.0,,,,,,,,109.0,,,,,,,,,,12.0,2.0,0.0,0.0,0.0,0.0,0.0,532.0,,,,,,,,,,,,,,,,,,,,,,,,,,,,,,,,,,,,,,,,,,,,,,,,,,,,,,,,,,,,,,,,,,,,,,,,,,,,,,,,,,,,
123,4302,3,43.0,3.0,2.0,1989.0,,,,,,,,,,,,,,,,,,12.0,2.0,0.0,0.0,0.0,0.0,0.0,532.0,,,,,,,,,,,,,,,,,,,,,,,,,,,,,,,,,,,,,,,,,,,,,,,1.0,,,,,,,,,,,,,,,,,3.0,,,,,2.0,,,,,,,15000.0,,,,,,,,
124,4303,0,43.0,3.0,2.0,1997.0,1.0,1.0,,,8.0,7.0,7.0,40.0,,,,,,,,,,12.0,6.0,0.0,0.0,0.0,0.0,0.0,532.0,,,,,,,,,,,,1.0,,,,,,,,,,,,,,,,,1.0,1.0,,,,,,,,,,,,,,,,,,,,,,,,,,,,,,,,,,,,,,,,3.0,1.0,1.0,1.0,1.0,1.0,,,,,4.0,,,,
125,4303,1,43.0,3.0,2.0,1997.0,,,,,,,,,,,,,,,,,,12.0,6.0,0.0,0.0,0.0,0.0,0.0,532.0,,,,,,,,,,,,1.0,2.0,,,,,,,,,,,1.0,,,,,,,,,,,,,,,,,,,,,,,,,,,,,,,,,,,,,,,,,,,,,,,,,,,,,,,,4.0,,,,
126,4303,2,43.0,3.0,2.0,1997.0,,,,,,,,104.0,,,,,,,,,,12.0,6.0,0.0,0.0,0.0,0.0,0.0,532.0,,,,,,,,,,,,,,,,,,,,,,,,,0.0,,,,,,,,,,,,,,,,,,,,,,,,,,,,,,,,,,,,,,,,,,,,,,,,,,,,,,,,,,,
127,4303,3,43.0,3.0,2.0,1997.0,,,,,,,,,,,,,,,,,,12.0,6.0,0.0,0.0,0.0,0.0,0.0,532.0,,,,,,,,,,,,,,,,,,,,,,,,,,,,,,,,,,,,,,,,,,,,,,,1.0,,,,,,,,,,,,,,,,,0.0,1.0,,,,1.0,,,,,,,,,,,,,,,
128,4304,0,43.0,3.0,2.0,2000.0,1.0,1.0,,,,,,40.0,,,,,,,,,,12.0,2.0,0.0,0.0,0.0,0.0,0.0,532.0,,,,,,,,,,,,,,,,,,,,,,,,,,,,,1.0,1.0,,,,,,,,,,,,,,,,,,,,,,,,,,,,,,,,,,,,,,,,,,,,,,,,,,,,,,
129,4304,1,43.0,3.0,2.0,2000.0,,,,,,,,,,,,,,,,,,12.0,2.0,0.0,0.0,0.0,0.0,0.0,532.0,,,,,,,,,,,,,0.0,,,,,,,,,,,,,,,,,,,,,,,,,,,,,,,,,,,,,,,,,,,,,,,,,,,,,,,,,,,,,,,,,,,,,,,
130,4304,2,43.0,3.0,2.0,2000.0,,,,,36.0,48.0,38.0,79.0,,,,,,,,,,12.0,2.0,0.0,0.0,0.0,0.0,0.0,532.0,4.0,3.0,6.0,2.0,1.0,0.0,2.0,3.0,4.0,1.0,4.0,1.0,0.0,4.0,1.0,0.0,2.0,1.0,3.0,,6.0,0.0,1.0,,1.0,,,,,,,,,,,,,,,,,,,,,,,,,,,,,,,,,,,,,,,,,,,,,,,,,,,,,,,,0.0,,,
131,4304,3,43.0,3.0,2.0,2000.0,,,,,,,,,,,,,,,,,,12.0,2.0,0.0,0.0,0.0,0.0,0.0,532.0,,,,,,,,,,,,,,,,,,,,,,,,,,,,,,,,,,,,,,,,,,,,,,,1.0,,,,,,,,,,,,,,,,,2.0,,,,,,,,,,,,,,,,,,,,
132,4401,0,44.0,3.0,2.0,1981.0,1.0,2.0,3.0,4.0,,,,59.0,,,,,,,,,,12.0,6.0,0.0,0.0,0.0,0.0,0.0,532.0,4.0,6.0,3.0,2.0,,,,,,,,,,,,,,,,,,,,,,,,,,,,,,,,,,,,,,,,,,,,,,,,,,,,,,,,,,,,,,,,,,,,,,,,,,,,,,,,
133,4401,1,44.0,3.0,2.0,1981.0,,,,,,50.0,,,,,,,,,,,,12.0,6.0,0.0,0.0,0.0,0.0,0.0,532.0,,,,,,,,,,,,,,,,,,,,,,,,,,,,,,,,,,,,,,,,,,,,,,,,,,,,,,,,,,,,,,,,,,,,,,,,,,,,,,,,,,,,
134,4401,2,44.0,3.0,2.0,1981.0,,,,,54.0,54.0,50.0,118.0,,,,,,,,,,12.0,6.0,0.0,0.0,0.0,0.0,0.0,532.0,,,,2.0,,,2.0,1.0,1.0,,,,,,,,,,,,,,,,,,,,,,,,,4.0,1.0,1.0,2.0,1.0,5.0,3.0,1.0,,,,,,,,,,,,,,,,,,,,,,,,,,,,,,,,,,,,,,,,,,,
135,4401,3,44.0,3.0,2.0,1981.0,,,,,,,,,,,,,,,,,,12.0,6.0,0.0,0.0,0.0,0.0,0.0,532.0,,,,,,,,,,,,,,,,,,,,,,,,,,,,,,,,,,,,,,,,,,,,1.0,1.0,,,,,,,,,,,,,,,,,,,,,,,,100000.0,,,,,,,,,,,,,,,
136,4402,0,44.0,3.0,2.0,1985.0,,,,,14.0,16.0,16.0,41.0,,,,,,,,,,12.0,7.0,1.0,0.0,0.0,0.0,0.0,532.0,,,,,,,,,,,,,,,,,,,,,,,,,,,,,,,,,,,,,,,,,,,,,,,,,,,,,,,,,,,,,,,,,,,,,,,,,,,,,,,,,,,,
137,4402,1,44.0,3.0,2.0,1985.0,,,,,23.0,38.0,46.0,95.0,,,,,,,,,,12.0,7.0,1.0,0.0,0.0,0.0,0.0,532.0,4.0,6.0,2.0,,1.0,1.0,,,,1.0,5.0,,,,,,,,,,,,,,,,,,,,,,,,,,,,,,,,,,,,,,,,,,,,,,,,,,,,,,,,,,,,,,,,,,,,,,,,,
138,4402,2,44.0,3.0,2.0,1985.0,,,,,,,,126.0,,,,,,,,3.0,3.0,12.0,7.0,1.0,0.0,0.0,0.0,0.0,532.0,,,,,,,,,,,,,1.0,4.0,1.0,1.0,2.0,2.0,1.0,3.0,2.0,1.0,5.0,,,,,,,,,,,,,,,,,,,,1.0,,,3.0,,3.0,2.0,1.0,5.0,1.0,,,,,,,,,,,,,,,,,,,,,,,,,4.0,1.0,,,,,,
139,4402,3,44.0,3.0,2.0,1985.0,,,,,,,,,,,,,,,,,,12.0,7.0,1.0,0.0,0.0,0.0,0.0,532.0,,,,,,,,,,,,,,,,,,,,,,,,,,,,,,,,,,,,,,,,,,,,,,,1.0,,,,,,,,,,,,,,,,,2.0,2.0,,,,6.0,,,,,,,150000.0,,,,,,,,
140,4601,0,46.0,3.0,2.0,1994.0,,,,,,,,,5.0,1.0,1.0,1.0,1.0,2.0,2.0,,,19.0,,,,,,,532.0,,,,,,,,,,,,,,,,,,,,,,,,,,,,,,,,,,,,,,,,,,,,,,,,,,,,,,,,,,,,,,,,,,,,,,,,,,,,,,,,,,,,
141,4601,1,46.0,3.0,2.0,1994.0,,,,,25.0,31.0,27.0,,,,,,,,,,,19.0,,,,,,,532.0,4.0,5.0,2.0,2.0,0.0,1.0,3.0,1.0,3.0,0.0,5.0,1.0,5.0,,,,,,,,,,,,,,,,,,,,,,,,,,,,,,,,,,,,,,,,,,,,,,,,,,,,,,,,,,,,,,,,,,,,,,,
142,4601,2,46.0,3.0,2.0,1994.0,,,,,52.0,42.0,40.0,90.0,,,,,,,,,,19.0,,,,,,,532.0,,,,,,,,,,,,1.0,0.0,4.0,1.0,1.0,2.0,2.0,1.0,1.0,3.0,1.0,4.0,1.0,1.0,,,,,,,,,,,,,,,,,,,,,,,,,,,,,,,,,,,,,,,,,,,,,,,,,,,,,,,,,,,
143,4601,3,46.0,3.0,2.0,1994.0,,,,,,,,,,,,,,,,,,19.0,,,,,,,532.0,,,,,,,,,,,,,,,,,,,,,,,,,,,,,,,,,,,,,,,,,,,,,,,,,,,,,,,,,,,,,,,,,,,,,,,,,,,,,,,,,,,,
144,4602,0,46.0,3.0,2.0,1997.0,1.0,1.0,,,,,,47.0,,,,,,,,,,19.0,,,,,,,532.0,,,,,,,,,,,,,,,,,,,,,,,,,,,,,1.0,1.0,,,,,,,,,,,,,,,,,,,,,,,,,,,,,,,,,,,,,,,,,,,,,,,,,,,,,,
145,4602,1,46.0,3.0,2.0,1997.0,,,,,37.0,35.0,49.0,,,,,,,,,,,19.0,,,,,,,532.0,,,,,,,,,,,,1.0,4.0,,,,,,,,,,,1.0,,,,,,,,,,,,,,,,,,,,,,,,,,,,,,,,,,,,,,,,,,,,,,,,,,,,,,,,,,,,
146,4602,2,46.0,3.0,2.0,1997.0,,,,,,,,,,,,,,,,,,19.0,,,,,,,532.0,,,,,,,,,,,,1.0,,4.0,1.0,0.0,2.0,2.0,1.0,1.0,3.0,1.0,5.0,,,,,,,,,,,,,,,,,,,,,,,,,,,,,,,,,,,,,,,,,,,,,,,,,,,,,,,,,,,,,
147,4602,3,46.0,3.0,2.0,1997.0,,,,,,,,,,,,,,,,,,19.0,,,,,,,532.0,,,,,,,,,,,,,,,,,,,,,,,,,,,,,,,,,,,,,,,,,,,,,,,,,,,,,,,,,,,,,,,,,,,,,,,,,,,,,,,,,,,,
148,4901,0,49.0,3.0,1.0,1982.0,1.0,2.0,3.0,4.0,,,,47.0,,,,,,,,,,14.0,8.0,0.0,1.0,0.0,0.0,0.0,532.0,4.0,6.0,3.0,3.0,,,,,,,,,,,,,,,,,,,,,,,,,,,,,,,,,,,,,,,,,,,,,,,,,,,,,,,,,,,,,,,,,,,,,,,,,,,,,,,,
149,4901,1,49.0,3.0,1.0,1982.0,1.0,2.0,3.0,4.0,,,34.0,,,,,,,,,,,14.0,8.0,0.0,1.0,0.0,0.0,0.0,532.0,4.0,6.0,2.0,,0.0,1.0,,,,1.0,1.0,,,,,,,,,,,,,,,,,,,,,,0.0,,,,,,,,,,,,,,,,,,,,,,,,,,,,,,,,,,,,,,,,,,,,,,,,,,,
150,4901,2,49.0,3.0,1.0,1982.0,,,,,60.0,60.0,63.0,117.0,,,,,,,,,,14.0,8.0,0.0,1.0,0.0,0.0,0.0,532.0,4.0,5.0,2.0,,1.0,1.0,,,,1.0,4.0,,,4.0,1.0,1.0,4.0,3.0,1.0,3.0,2.0,1.0,4.0,,,,,,,,,,,,,,,,,,,1.0,1.0,,,2.0,,1.0,,,,,,,,,,,,,,,,,,,,,,,,,,,,,,,,,,,,
151,4901,3,49.0,3.0,1.0,1982.0,,,,,,,,,,,,,,,,,,14.0,8.0,0.0,1.0,0.0,0.0,0.0,532.0,,,,,,,,,,,,,,,,,,,,,,,,,,,,,,,,,,,,,,,,,,,,1.0,1.0,,,,,,,,,,,,,,,,,,,1.0,4.0,,,,,,,,,,,,,,,,,,,
152,4902,0,49.0,3.0,1.0,1987.0,,,,,,,,,,,,,,,,,,14.0,6.0,0.0,0.0,0.0,0.0,0.0,532.0,,,,,,,,,,,,,,,,,,,,,,,,,,,,,,,,,0.0,,,,,,,,,,,,,,,,,,,,,,,,,,,,,,,,,,,,,,,,,,,,,,,,,,,
153,4902,1,49.0,3.0,1.0,1987.0,,,,,,,31.0,96.0,,,,,,,,,,14.0,6.0,0.0,0.0,0.0,0.0,0.0,532.0,,,,,,,,,,,,,,,,,,,,,,,,,,,,,,,,,,,,,,,,,,,1.0,,,0.0,,1.0,,,,,,,,,,,,,,,,,,,,,,,,,,,,,,,5.0,,,,,
154,4902,2,49.0,3.0,1.0,1987.0,,,,,,,,104.0,,,,,,,,1.0,1.0,14.0,6.0,0.0,0.0,0.0,0.0,0.0,532.0,,,,,,,,,,,,1.0,,4.0,1.0,1.0,3.0,3.0,1.0,1.0,2.0,1.0,5.0,,,,,,,,,,,,,,,,,,,,,,,,,,,,5.0,,,,,,,,,,,,,,,,,,,,,,,,,,,,,,,,,
155,4902,3,49.0,3.0,1.0,1987.0,,,,,,,,,,,,,,,,,,14.0,6.0,0.0,0.0,0.0,0.0,0.0,532.0,,,,,,,,,,,,,,,,,,,,,,,,,,,,,,,,,,,,,,,,,,,,,,,-7.0,,,,,,,,,,,,,,,,,1.0,,,,,5.0,,,,,,,344346.0,,,,,,,,
156,5001,0,50.0,3.0,1.0,1985.0,,,,,13.0,8.0,8.0,18.0,,,,,,,,,,12.0,2.0,0.0,0.0,0.0,0.0,0.0,532.0,,,,,,,,,,,,,,,,,,,,,,,,,,,,,,,,,,,,,,,,,,,,,,,,,,,,,,,,,,,,,,,,,,,,,,,,,,,,,,,,,,,,
157,5001,1,50.0,3.0,1.0,1985.0,,,,,,,,74.0,,,,,,,,,,12.0,2.0,0.0,0.0,0.0,0.0,0.0,532.0,,,,2.0,,,2.0,2.0,3.0,,,,,,,,,,,,,,,,,,,,,,,,,,,,,,,,,,,,,,,,,,,,,,,,,,,,,,,,,,,,,,,,,,,,,,,,,,,
158,5001,2,50.0,3.0,1.0,1985.0,,,,,,,,121.0,,,,,,,,1.0,1.0,12.0,2.0,0.0,0.0,0.0,0.0,0.0,532.0,,,,,,,,,,,,,3.0,4.0,1.0,1.0,2.0,1.0,1.0,3.0,3.0,1.0,5.0,,,,,,,,,,,,,,,,,,,,1.0,,,2.0,,1.0,6.0,3.0,5.0,1.0,,,,,,,,,,,,,,,,,,,,,,,,,4.0,0.0,,,,,,
159,5001,3,50.0,3.0,1.0,1985.0,,,,,,,,,,,,,,,,,,12.0,2.0,0.0,0.0,0.0,0.0,0.0,532.0,,,,,,,,,,,,,,,,,,,,,,,,,,,,,,,,,,,,,,,,,,,,,,,1.0,,,,,,,,,,,,,,,,,0.0,4.0,,,,4.0,,,,,,,,,,,,,,,
160,5002,0,50.0,3.0,1.0,1988.0,1.0,2.0,3.0,4.0,,,,52.0,,,,,,,,,,12.0,3.0,0.0,0.0,0.0,0.0,0.0,532.0,,,,,,,,,,,,,,,,,,,,,,,,,,,,,,,,,,,,,,,,,,,,,,,,,,,,,,,,,,,,,,,,,,,,,,,,,,,,,,,,,,,,
161,5002,1,50.0,3.0,1.0,1988.0,1.0,2.0,3.0,4.0,,,,108.0,,,,,,,,,,12.0,3.0,0.0,0.0,0.0,0.0,0.0,532.0,4.0,4.0,3.0,2.0,0.0,1.0,1.0,1.0,2.0,1.0,5.0,,,,,,,,,,,,,,,,,,,,,,,,,,,,,,,,1.0,,,4.0,,1.0,,,,,,,,,,,,,,,,,,,,,,,,,,,,,,,,,,,,
162,5002,2,50.0,3.0,1.0,1988.0,,,,,54.0,70.0,58.0,,,,,,,,,1.0,1.0,12.0,3.0,0.0,0.0,0.0,0.0,0.0,532.0,,,,,,,,,,,,1.0,3.0,4.0,1.0,1.0,2.0,1.0,1.0,2.0,2.0,1.0,5.0,,,,,,,,,,,,,,,,,,,1.0,,,,,,,,,,,,,,,,,,,,,,,,2.0,4.0,1.0,,,,,,,,,,,,,,,,
163,5002,3,50.0,3.0,1.0,1988.0,,,,,,,,,,,,,,,,,,12.0,3.0,0.0,0.0,0.0,0.0,0.0,532.0,,,,,,,,,,,,,,,,,,,,,,,,,,,,,,,,,,,,,,,,,,,,,,,1.0,,,,,,,,,,,,,,,,,2.0,,,,,,,,,,,,,,,,,,,,
164,5003,0,50.0,3.0,1.0,1990.0,,,,,,,,,,,,,,,,,,12.0,,,,,,,532.0,,,,,,,,,,,,,,,,,,,,,,,,,,,,,,,,,,,,,,,,,,,,,,,,,,,,,,,,,,,,,,,,,,,,,,,,,,,,,,,,,,,,
165,5003,1,50.0,3.0,1.0,1990.0,,,,,,,,,,,,,,,,,,12.0,,,,,,,532.0,,,,,,,,,,,,,,,,,,,,,,,,,,,,,,,,,,,,,,,,,,,,,,,,,,,,,,,,,,,,,,,,,,,,,,,,,,,,,,,,,,,,
166,5003,2,50.0,3.0,1.0,1990.0,,,,,,,,,,,,,,,,,,12.0,,,,,,,532.0,,,,,,,,,,,,,,,,,,,,,,,,,,,,,,,,,,,,,,,,,,,,,,,,,,,,,,,,,,,,,,,,,,,,,,,,,,,,,,,,,,,,
167,5003,3,50.0,3.0,1.0,1990.0,,,,,,,,,,,,,,,,,,12.0,,,,,,,532.0,,,,,,,,,,,,,,,,,,,,,,,,,,,,,,,,,,,,,,,,,,,,,,,,,,,,,,,,,,,,,,,,,,,,,,,,,,,,,,,,,,,,
168,5004,0,50.0,3.0,1.0,1990.0,,,,,,,,,,,,,,,,,,12.0,,,,,,,532.0,,,,,,,,,,,,,,,,,,,,,,,,,,,,,,,,,,,,,,,,,,,,,,,,,,,,,,,,,,,,,,,,,,,,,,,,,,,,,,,,,,,,
169,5004,1,50.0,3.0,1.0,1990.0,,,,,,,,,,,,,,,,,,12.0,,,,,,,532.0,,,,,,,,,,,,,,,,,,,,,,,,,,,,,,,,,,,,,,,,,,,,,,,,,,,,,,,,,,,,,,,,,,,,,,,,,,,,,,,,,,,,
170,5004,2,50.0,3.0,1.0,1990.0,,,,,,,,,,,,,,,,,,12.0,,,,,,,532.0,,,,,,,,,,,,,,,,,,,,,,,,,,,,,,,,,,,,,,,,,,,,,,,,,,,,,,,,,,,,,,,,,,,,,,,,,,,,,,,,,,,,
171,5004,3,50.0,3.0,1.0,1990.0,,,,,,,,,,,,,,,,,,12.0,,,,,,,532.0,,,,,,,,,,,,,,,,,,,,,,,,,,,,,,,,,,,,,,,,,,,,,,,,,,,,,,,,,,,,,,,,,,,,,,,,,,,,,,,,,,,,
172,5005,0,50.0,3.0,2.0,1992.0,1.0,2.0,3.0,4.0,,,,,,,,,,,,,,12.0,6.0,0.0,0.0,0.0,0.0,0.0,532.0,,,,,,,,,,,,,,,,,,,,,,,,,,,,,,,,,,,,,,,,,,,,,,,,,,,,,,,,,,,,,,,,,,,,,,,,,,,,,,,,,,,,
173,5005,1,50.0,3.0,2.0,1992.0,,,,,,,,73.0,5.0,1.0,1.0,1.0,1.0,2.0,3.0,1.0,1.0,12.0,6.0,0.0,0.0,0.0,0.0,0.0,532.0,4.0,3.0,2.0,3.0,1.0,1.0,2.0,1.0,2.0,1.0,5.0,1.0,5.0,,,,,,,,,,,,,,,,,,,,,,,,,,,,,,,,,,,,,,,,,,,,,,,,,,,,,,,,,,,,,,,,,,,,,,,
174,5005,2,50.0,3.0,2.0,1992.0,,,,,60.0,75.0,48.0,144.0,,,,,,,,,,12.0,6.0,0.0,0.0,0.0,0.0,0.0,532.0,4.0,1.0,2.0,1.0,1.0,1.0,2.0,1.0,2.0,1.0,5.0,-7.0,4.0,4.0,0.0,1.0,1.0,1.0,1.0,1.0,2.0,1.0,5.0,1.0,1.0,,,,,,,,,,,,,,,,,1.0,,,,,,,,,,,,,,,,,,,,,,,,,,,,,,,,,,,,,,,,,,
175,5005,3,50.0,3.0,2.0,1992.0,,,,,,,,,,,,,,,,,,12.0,6.0,0.0,0.0,0.0,0.0,0.0,532.0,,,,,,,,,,,,,,,,,,,,,,,,,,,,,,,,,,,,,,,,,,,,,,,1.0,,,,,,,,,,,,,,,,,,,,,,4.0,,,,,,,90000.0,,,,,,,,
176,5701,0,57.0,3.0,1.0,1979.0,,,,,,,,,,,,,,,,,,12.0,3.0,0.0,0.0,0.0,0.0,0.0,532.0,,,,,,,,,,,,,,,,,,,,,,,,,,,,,,,,,,,,,,,,,,,,,,,,,,,,,,,,,,,,,,,,,,,,,,,,,,,,,,,,,,,,
177,5701,1,57.0,3.0,1.0,1979.0,,,,,,64.0,67.0,99.0,,,,,,,,,,12.0,3.0,0.0,0.0,0.0,0.0,0.0,532.0,4.0,3.0,6.0,,1.0,1.0,,,,0.0,1.0,,,,,,,,,,,,,,,,,,,,,,0.0,,,,,,,,,,,,,,,,,,,,,4.0,5.0,1.0,1.0,1.0,1.0,3.0,5.0,6.0,1.0,,,,,,,,,,,,,,,,,,,,,
178,5701,2,57.0,3.0,1.0,1979.0,,,,,,,,,,,,,,,,,,12.0,3.0,0.0,0.0,0.0,0.0,0.0,532.0,,,,,,,,,,,,,,,,,,,,,,,,,,,,,,,,,,,,,,,,1.0,1.0,,,,,,,,,,,,1.0,,,,,,,,,,,,,,,,,,,,,,,,,,,,,,,
179,5701,3,57.0,3.0,1.0,1979.0,,,,,,,,,,,,,,,,,,12.0,3.0,0.0,0.0,0.0,0.0,0.0,532.0,,,,,,,,,,,,,,,,,,,,,,,,,,,,,,,,,,,,,,,,,,,,1.0,0.0,,,,,,,,,,,,,,,,,,,,,,,,,,,,,,,,,,,,,,,
180,5702,0,57.0,3.0,1.0,1995.0,,1.0,,,,,,,,,,,,,,,,12.0,6.0,0.0,0.0,0.0,0.0,0.0,532.0,,,,,,,,,,,,,,,,,,,,,,,,,,5.0,4.0,1.0,1.0,1.0,3.0,2.0,,,,,,,,,,,,,,,,,,,,,,,,,,,,,,,,,,,,,,,,,,,,,,,,,,,,
181,5702,1,57.0,3.0,1.0,1995.0,,,,,,,,,,,,,,,,,,12.0,6.0,0.0,0.0,0.0,0.0,0.0,532.0,,,,,,,,,,,,1.0,,,,,,,,,,,,1.0,,,,,,,,,,,,,,,,,,,,,,,,,,,,,,,,,,,,,,,,,,,,,,,,,,,,,,,,,,,,
182,5702,2,57.0,3.0,1.0,1995.0,,,,,,,,,,,,,,,,,,12.0,6.0,0.0,0.0,0.0,0.0,0.0,532.0,,,,,,,,,,,,,,,,,,,,,,,,,,,,,,,,,,,,,,,,,,,,,,,,,,,,,,,,,,,,,,,,,,,,,,,,,,,,,,,,,,,,
183,5702,3,57.0,3.0,1.0,1995.0,,,,,,,,,,,,,,,,,,12.0,6.0,0.0,0.0,0.0,0.0,0.0,532.0,,,,,,,,,,,,,,,,,,,,,,,,,,,,,,,,,,,,,,,,,,,,,,,1.0,,,,,,,,,,,,,,,,,0.0,,,,,50000.0,,,,,,,,,,,,,,,
184,5703,0,57.0,3.0,2.0,1998.0,1.0,1.0,,,,,,,,,,,,,,,,12.0,7.0,1.0,0.0,0.0,0.0,0.0,532.0,,,,,,,,,,,,,,,,,,,,,,,,,,,,,1.0,1.0,,,,,,,,,,,,,,,,,,,,,,,,,,,,,,,,,,,,,,,,,,,,,,,,,,,,,,
185,5703,1,57.0,3.0,2.0,1998.0,,,,,,,,,,,,,,,,,,12.0,7.0,1.0,0.0,0.0,0.0,0.0,532.0,,,,,,,,,,,,1.0,,,,,,,,,,,,1.0,,,,,,,,,,,,,,,,,,,,,,,,,,,,,,,,,,,,,,,,,,,,,,,,,,,,,,,,,,,,
186,5703,2,57.0,3.0,2.0,1998.0,,,,,63.0,64.0,52.0,99.0,,,,,,,,,,12.0,7.0,1.0,0.0,0.0,0.0,0.0,532.0,,,,,,,,,,,,1.0,0.0,4.0,1.0,1.0,3.0,4.0,3.0,3.0,6.0,-2.0,5.0,,1.0,,,,,,,,,,,,,,,,,,,,,,,,,,,,,,,,,,,,,,,,,,,,,,,,,,,,,,,,0.0,,,
187,5703,3,57.0,3.0,2.0,1998.0,,,,,,,,,,,,,,,,,,12.0,7.0,1.0,0.0,0.0,0.0,0.0,532.0,,,,,,,,,,,,,,,,,,,,,,,,,,,,,,,,,,,,,,,,,,,,,,,1.0,,,,,,,,,,,,,,,,,1.0,6.0,,,,,,,,,,,,,,,,,,,
188,5801,0,58.0,3.0,2.0,1981.0,1.0,2.0,3.0,4.0,,,,81.0,,,,,,,,,,17.0,10.0,0.0,1.0,0.0,1.0,0.0,532.0,4.0,6.0,2.0,2.0,,,,,,,,,,,,,,,,,,,,,,,,,,,,,,,,,,,,,,,,,,,,,,,,,,,,,,,,,,,,,,,,,,,,,,,,,,,,,,,,
189,5801,1,58.0,3.0,2.0,1981.0,,,,,,,,,,,,,,,,,,17.0,10.0,0.0,1.0,0.0,1.0,0.0,532.0,,,,,,,,,,,,,,,,,,,,,,,,,,,,,,,,,0.0,,,,,,,,,,,,,,,,,,,,,,,,,,,,,,,,,,,,,,,,,,,,,,,,,,,
190,5801,2,58.0,3.0,2.0,1981.0,,,,,,,71.0,147.0,,,,,,,,,,17.0,10.0,0.0,1.0,0.0,1.0,0.0,532.0,,,,4.0,,,3.0,1.0,1.0,,,,,4.0,1.0,1.0,4.0,4.0,1.0,2.0,2.0,1.0,4.0,,,,,,,,,,,4.0,1.0,1.0,2.0,1.0,4.0,1.0,1.0,1.0,1.0,,,,,1.0,,,,,,,,,,,,,,,,,,,,,,,,,,,,,,,,,,,,
191,5801,3,58.0,3.0,2.0,1981.0,,,,,,,,,,,,,,,,,,17.0,10.0,0.0,1.0,0.0,1.0,0.0,532.0,,,,,,,,,,,,,,,,,,,,,,,,,,,,,,,,,,,,,,,,,,,,1.0,3.0,,,,,,,,,,,,,,,,,,,,,,,,110000.0,,,,,,,,,,,,,,,
192,5802,0,58.0,3.0,2.0,1984.0,1.0,2.0,3.0,4.0,,,,100.0,,,,,,,,,,17.0,14.0,0.0,1.0,0.0,0.0,1.0,532.0,,,,,,,,,,,,,,,,,,,,,,,,,,,,,,,,,,,,,,,,,,,,,,,,,,,,,,,,,,,,,,,,,,,,,,,,,,,,,,,,,,,,
193,5802,1,58.0,3.0,2.0,1984.0,,,,,,57.0,44.0,120.0,,,,,,,,,,17.0,14.0,0.0,1.0,0.0,0.0,1.0,532.0,,,,,,,,,,,,,,,,,,,,,,,,,,,,,,,,,0.0,,,,,,,,,,,,,,,,,,,,,,,,,,,,,,,,,,,,,,,,,,,,,,,,,,,
194,5802,2,58.0,3.0,2.0,1984.0,,,,,57.0,77.0,71.0,129.0,,,,,,,,1.0,1.0,17.0,14.0,0.0,1.0,0.0,0.0,1.0,532.0,,,,,,,,,,,,,3.0,4.0,1.0,1.0,3.0,3.0,1.0,2.0,2.0,1.0,5.0,,,,,,,,,,,,,,,,,,,1.0,1.0,,,2.0,,1.0,2.0,1.0,4.0,1.0,,,,,,,,,,,,,,,,,,,,,,,,,4.0,1.0,,,,,,
195,5802,3,58.0,3.0,2.0,1984.0,,,,,,,,,,,,,,,,,,17.0,14.0,0.0,1.0,0.0,0.0,1.0,532.0,,,,,,,,,,,,,,,,,,,,,,,,,,,,,,,,,,,,,,,,,,,,,,,1.0,,,,,,,,,,,,,,,,,1.0,3.0,,,,,,,,,,,,,,,,,,,
196,5803,0,58.0,3.0,1.0,1988.0,1.0,2.0,3.0,,,,,25.0,,,,,,,,,,17.0,6.0,0.0,0.0,0.0,0.0,0.0,532.0,,,,,,,,,,,,,,,,,,,,,,,,,,,,,,,,,,,,,,,,,,,,,,,,,,,,,,,,,,,,,,,,,,,,,,,,,,,,,,,,,,,,
197,5803,1,58.0,3.0,1.0,1988.0,1.0,2.0,3.0,,,,,99.0,,,,,,,,,,17.0,6.0,0.0,0.0,0.0,0.0,0.0,532.0,4.0,6.0,2.0,3.0,1.0,1.0,3.0,1.0,2.0,1.0,4.0,,,,,,,,,,,,,,,,,,,,,,,,,,,,,,,,1.0,,,2.0,,1.0,,,,,,,,,,,,,,,,,,,,,,,,,,,,,,,,,,,,
198,5803,2,58.0,3.0,1.0,1988.0,,,,,49.0,59.0,50.0,,,,,,,,,1.0,1.0,17.0,6.0,0.0,0.0,0.0,0.0,0.0,532.0,,,,,,,,,,,,,3.0,,,,,,,,,,,,,,,,,,,,,,,,,,,,,,,,,,,,,,,,,,,,,,,,,,,,,6.0,4.0,1.0,,,,,,,,,,,,,,,,
199,5803,3,58.0,3.0,1.0,1988.0,,,,,,,,,,,,,,,,,,17.0,6.0,0.0,0.0,0.0,0.0,0.0,532.0,,,,,,,,,,,,,,,,,,,,,,,,,,,,,,,,,,,,,,,,,,,,,,,1.0,,,,,,,,,,,,,,,,,2.0,,,,,,,,,,,,65000.0,,,,,,,,
200,6101,0,61.0,3.0,2.0,1993.0,1.0,2.0,3.0,,16.0,18.0,18.0,49.0,5.0,1.0,1.0,2.0,2.0,2.0,1.0,9.0,11.0,14.0,8.0,0.0,1.0,0.0,0.0,0.0,532.0,,,,,,,,,,,,,,,,,,,,,,,,,,,,,,,,,,,,,,,,,,,,,,,,,,,,,,,,,,,,,,,,,,,,,,,,,,,,,,,,,,,,
201,6101,1,61.0,3.0,2.0,1993.0,,,,,,,,,,,,,,,,,,14.0,8.0,0.0,1.0,0.0,0.0,0.0,532.0,,,,,,,,,,,,,,,,,,,,,,,,,,,,,,,,,,,,,,,,,,,,,,,,,,,,,,,,,,,,,,,,,,,,,,,,,,,,,,,,,,,,
202,6101,2,61.0,3.0,2.0,1993.0,,,,,,,,117.0,,,,,,,,,,14.0,8.0,0.0,1.0,0.0,0.0,0.0,532.0,,,,,,,,,,,,1.0,,,,,,,,,,,,1.0,,,,,,,,,,,,,,,,,,,,,,,,,,,,,,,,,,,,,,,,,,,,,,,,,,,,,,,,,,,,
203,6101,3,61.0,3.0,2.0,1993.0,,,,,,,,,,,,,,,,,,14.0,8.0,0.0,1.0,0.0,0.0,0.0,532.0,,,,,,,,,,,,,,,,,,,,,,,,,,,,,,,,,,,,,,,,,,,,,,,1.0,,,,,,,,,,,,,,,,,2.0,,,,,6.0,,,,,,,100000.0,,,,,,,,
204,6102,0,61.0,3.0,1.0,1994.0,,,,,,,,,5.0,1.0,1.0,2.0,2.0,2.0,1.0,,,14.0,9.0,0.0,0.0,1.0,0.0,0.0,532.0,,,,,,,,,,,,,,,,,,,,,,,,,,,,,,,,,,,,,,,,,,,,,,,,,,,,,,,,,,,,,,,,,,,,,,,,,,,,,,,,,,,,
205,6102,1,61.0,3.0,1.0,1994.0,,,,,,,,86.0,,,,,,,,,,14.0,9.0,0.0,0.0,1.0,0.0,0.0,532.0,,,,,,,,,,,,,,,,,,,,,,,,,,,,,,,,,,,,,,,,,,,,,,,,,,,,,,,,,,,,,,,,,,,,,,,,,,,,,,,,,,,,
206,6102,2,61.0,3.0,1.0,1994.0,,,,,67.0,69.0,63.0,145.0,,,,,,,,,,14.0,9.0,0.0,0.0,1.0,0.0,0.0,532.0,,,,,,,,,,,,1.0,1.0,4.0,1.0,1.0,1.0,2.0,1.0,3.0,2.0,1.0,4.0,1.0,1.0,,,,,,,,,,,,,,,,,,,,,,,,,,,,,,,,,,,,,,,,,,,,,,,,,,,,,,,,,,,
207,6102,3,61.0,3.0,1.0,1994.0,,,,,,,,,,,,,,,,,,14.0,9.0,0.0,0.0,1.0,0.0,0.0,532.0,,,,,,,,,,,,,,,,,,,,,,,,,,,,,,,,,,,,,,,,,,,,,,,1.0,,,,,,,,,,,,,,,,,,,,,,,,,,,,,,,,,,,,,
208,6103,0,61.0,3.0,1.0,2003.0,1.0,1.0,,,,,,52.0,,,,,,,,,,14.0,2.0,0.0,0.0,0.0,0.0,0.0,532.0,,,,,,,,,,,,,,,,,,,,,,,,,,,,,1.0,1.0,,,,,,,,,,,,,,,,,,,,,,,,,,,,,,,,,,,,,,,,,,,,,,,,,,,,,,
209,6103,1,61.0,3.0,1.0,2003.0,,,,,,,,,,,,,,,,,,14.0,2.0,0.0,0.0,0.0,0.0,0.0,532.0,,,,,,,,,,,,,3.0,,,,,,,,,,,,,,,,,,,,,,,,,,,,,,,,,,,,,,,,,,,,,,,,,,,,,,,,,,,,,,,,,,,,,,,
210,6103,2,61.0,3.0,1.0,2003.0,,,,,63.0,60.0,63.0,139.0,,,,,,,,,,14.0,2.0,0.0,0.0,0.0,0.0,0.0,532.0,,,,,,,,,,,,,2.0,,,,,,,,,,,,1.0,,,,,,,,,,,,,,,,,,,,,,,,,,,,,,,,,,,,,,,0.0,,,,,,,,,,,,,,,,,0.0,,,
211,6103,3,61.0,3.0,1.0,2003.0,,,,,,,,,,,,,,,,,,14.0,2.0,0.0,0.0,0.0,0.0,0.0,532.0,,,,,,,,,,,,,,,,,,,,,,,,,,,,,,,,,,,,,,,,,,,,,,,1.0,,,,,,,,,,,,,,,,,,,,,,,,,,,,,,,,,,,2.0,,
212,6201,0,62.0,3.0,1.0,1996.0,,1.0,,,,,,44.0,,,,,,,,,,16.0,6.0,0.0,0.0,0.0,0.0,0.0,532.0,,,,,,,,,,,,,,,,,,,,,,,,,,5.0,4.0,1.0,1.0,1.0,4.0,1.0,,,,,,,,,,,,,,,,,,,,,,,,,,,,,,,,,,,,,,,,,,,,,,,,,,,,
213,6201,1,62.0,3.0,1.0,1996.0,1.0,1.0,,,,,,,,,,,,,,,,16.0,6.0,0.0,0.0,0.0,0.0,0.0,532.0,4.0,5.0,5.0,2.0,1.0,1.0,2.0,1.0,1.0,0.0,5.0,1.0,,,,,,,,,,,,1.0,,,,,1.0,1.0,,,,,,,,,,,,,,,,,,,,,,,,,,,,,,,,,,,,,,,,,,,,,,,,,,,,,,
214,6201,2,62.0,3.0,1.0,1996.0,,,,,57.0,65.0,43.0,126.0,,,,,,,,,,16.0,6.0,0.0,0.0,0.0,0.0,0.0,532.0,4.0,4.0,3.0,2.0,1.0,1.0,2.0,3.0,3.0,0.0,5.0,2.0,4.0,4.0,1.0,1.0,2.0,1.0,1.0,5.0,2.0,0.0,5.0,,1.0,,,,,,,,,,,,,,,,,,,,,,,,,,,,,,,,,,,,,,,,,,,,,,,,,,,,,,,,,,,
215,6201,3,62.0,3.0,1.0,1996.0,,,,,,,,,,,,,,,,,,16.0,6.0,0.0,0.0,0.0,0.0,0.0,532.0,,,,,,,,,,,,,,,,,,,,,,,,,,,,,,,,,,,,,,,,,,,,,,,1.0,,,,,,,,,,,,,,,,,2.0,,,,,,,,,,,,,,,,,,,,
216,6202,0,62.0,3.0,2.0,1998.0,1.0,1.0,,,,,,,,,,,,,,,,16.0,6.0,0.0,0.0,0.0,0.0,0.0,532.0,,,,,,,,,,,,,,,,,,,,,,,,,,,,,1.0,1.0,,,,,,,,,,,,,,,,,,,,,,,,,,,,,,,,,,,,,,,,,,,,,,,,,,,,,,
217,6202,1,62.0,3.0,2.0,1998.0,1.0,1.0,,,,,,89.0,,,,,,,,,,16.0,6.0,0.0,0.0,0.0,0.0,0.0,532.0,4.0,5.0,3.0,2.0,1.0,1.0,1.0,1.0,3.0,0.0,5.0,1.0,,,,,,,,,,,,1.0,,,,,1.0,1.0,,,,,,,,,,,,,,,,,,,,,,,,,,,,,,,,,,,,,,,,,,,,,,,,,,,,,,
218,6202,2,62.0,3.0,2.0,1998.0,,,,,57.0,65.0,61.0,141.0,,,,,,,,,,16.0,6.0,0.0,0.0,0.0,0.0,0.0,532.0,4.0,1.0,2.0,2.0,1.0,0.0,2.0,1.0,5.0,0.0,5.0,1.0,1.0,4.0,1.0,0.0,2.0,2.0,1.0,3.0,3.0,0.0,5.0,,1.0,,,,,,,,,,,,,,,,,,,,,,,,,,,,,,,,,,,,,,,,,,,,,,,,,,,,,,,,0.0,,,
219,6202,3,62.0,3.0,2.0,1998.0,,,,,,,,,,,,,,,,,,16.0,6.0,0.0,0.0,0.0,0.0,0.0,532.0,,,,,,,,,,,,,,,,,,,,,,,,,,,,,,,,,,,,,,,,,,,,,,,1.0,,,,,,,,,,,,,,,,,0.0,,,,,60000.0,,,,,,,,,,,,,,,
220,6203,0,62.0,3.0,2.0,2001.0,1.0,1.0,,,,,,78.0,,,,,,,,,,16.0,4.0,0.0,0.0,0.0,0.0,0.0,532.0,,,,,,,,,,,,,,,,,,,,,,,,,,,,,0.0,0.0,,,,,,,,,,,,,,,,,,,,,,,,,,,,,,,,,,,,,,,,,,,,,,,,,,,,,,
221,6203,1,62.0,3.0,2.0,2001.0,,,,,,,,,,,,,,,,,,16.0,4.0,0.0,0.0,0.0,0.0,0.0,532.0,,,,,,,,,,,,,5.0,,,,,,,,,,,,,,,,,,,,,,,,,,,,,,,,,,,,,,,,,,,,,,,,,,,,,,,,,,,,,,,,,,,,,,,
222,6203,2,62.0,3.0,2.0,2001.0,,,,,,,,139.0,,,,,,,,,,16.0,4.0,0.0,0.0,0.0,0.0,0.0,532.0,,,,,,,,,,,,,,,,,,,,,,,,,,,,,,,,,,,,,,,,,,,,,,,,,,,,,,,,,,,,,,,,,,,,,,,,,,,,,,,,,,,,
223,6203,3,62.0,3.0,2.0,2001.0,,,,,,,,,,,,,,,,,,16.0,4.0,0.0,0.0,0.0,0.0,0.0,532.0,,,,,,,,,,,,,,,,,,,,,,,,,,,,,,,,,,,,,,,,,,,,,,,1.0,,,,,,,,,,,,,,,,,0.0,,,,,,,,,,,,,,,,,,4.0,,
224,6801,0,68.0,3.0,2.0,1993.0,,,,,,,,37.0,6.0,1.0,1.0,1.0,1.0,2.0,3.0,,,16.0,8.0,0.0,1.0,0.0,0.0,0.0,532.0,,,,,,,,,,,,,,,,,,,,,,,,,,,,,,,,,,,,,,,,,,,,,,,,,,,,,,,,,,,,,,,,,,,,,,,,,,,,,,,,,,,,
225,6801,1,68.0,3.0,2.0,1993.0,,,,,,,,,,,,,,,,,,16.0,8.0,0.0,1.0,0.0,0.0,0.0,532.0,,,,,,,,,,,,,,,,,,,,,,,,,,,,,,,,,,,,,,,,,,,,,,,,,,,,,,,,,,,,,,,,,,,,,,,,,,,,,,,,,,,,
226,6801,2,68.0,3.0,2.0,1993.0,,,,,,,,140.0,,,,,,,,,,16.0,8.0,0.0,1.0,0.0,0.0,0.0,532.0,,,,,,,,,,,,1.0,,,,,,,,,,,,1.0,,,,,,,,,,,,,,,,,,,,,,,,,,,,,,,,,,,,,,,,,,,,,,,,,,,,,,,,,,,,
227,6801,3,68.0,3.0,2.0,1993.0,,,,,,,,,,,,,,,,,,16.0,8.0,0.0,1.0,0.0,0.0,0.0,532.0,,,,,,,,,,,,,,,,,,,,,,,,,,,,,,,,,,,,,,,,,,,,,,,1.0,,,,,,,,,,,,,,,,,1.0,,,,,7.0,,,,,,,,,,,,,,,
228,6802,0,68.0,3.0,1.0,1995.0,,1.0,,,,,,64.0,,,,,,,,,,16.0,8.0,0.0,1.0,0.0,0.0,0.0,532.0,,,,,,,,,,,,,,,,,,,,,,,,,,6.0,4.0,1.0,1.0,1.0,2.0,3.0,,,,,,,,,,,,,,,,,,,,,,,,,,,,,,,,,,,,,,,,,,,,,,,,,,,,
229,6802,1,68.0,3.0,1.0,1995.0,,,,,,,,,,,,,,,,,,16.0,8.0,0.0,1.0,0.0,0.0,0.0,532.0,,,,,,,,,,,,1.0,0.0,,,,,,,,,,,1.0,,,,,,,,,,,,,,,,,,,,,,,,,,,,,,,,,,,,,,,,,,,,,,,,,,,,,,,,,,,,
230,6802,2,68.0,3.0,1.0,1995.0,,,,,,,,155.0,,,,,,,,,,16.0,8.0,0.0,1.0,0.0,0.0,0.0,532.0,,,,,,,,,,,,,,,,,,,,,,,,,,,,,,,,,,,,,,,,,,,,,,,,,,,,,,,,,,,,,,,,,,,,,,,,,,,,,,,,,,,,
231,6802,3,68.0,3.0,1.0,1995.0,,,,,,,,,,,,,,,,,,16.0,8.0,0.0,1.0,0.0,0.0,0.0,532.0,,,,,,,,,,,,,,,,,,,,,,,,,,,,,,,,,,,,,,,,,,,,,,,1.0,,,,,,,,,,,,,,,,,1.0,,,,,-7.0,,,,,,,324271.0,,,,,,,,
232,6803,0,68.0,3.0,2.0,1996.0,,,,,,,,,,,,,,,,,,16.0,8.0,0.0,1.0,0.0,0.0,0.0,532.0,,,,,,,,,,,,,,,,,,,,,,,,,,,,,,,,,,,,,,,,,,,,,,,,,,,,,,,,,,,,,,,,,,,,,,6.0,1.0,1.0,1.0,1.0,2.0,,,,,,,,,
233,6803,1,68.0,3.0,2.0,1996.0,1.0,1.0,,,,,,65.0,,,,,,,,,,16.0,8.0,0.0,1.0,0.0,0.0,0.0,532.0,4.0,5.0,4.0,3.0,1.0,1.0,2.0,1.0,3.0,1.0,5.0,1.0,,,,,,,,,,,,1.0,,,,,1.0,1.0,,,,,,,,,,,,,,,,,,,,,,,,,,,,,,,,,,,,,,,,,,,,,,,,,,,,,,
234,6803,2,68.0,3.0,2.0,1996.0,,,,,70.0,70.0,48.0,132.0,,,,,,,,,,16.0,8.0,0.0,1.0,0.0,0.0,0.0,532.0,4.0,2.0,4.0,3.0,1.0,1.0,3.0,2.0,3.0,1.0,4.0,1.0,3.0,4.0,1.0,1.0,3.0,3.0,1.0,3.0,3.0,1.0,5.0,,1.0,,,,,,,,,,,,,,,,,,,,,,,,,,,,,,,,,,,,,,,,,,,,,,,,,,,,,,,,,,,
235,6803,3,68.0,3.0,2.0,1996.0,,,,,,,,,,,,,,,,,,16.0,8.0,0.0,1.0,0.0,0.0,0.0,532.0,,,,,,,,,,,,,,,,,,,,,,,,,,,,,,,,,,,,,,,,,,,,,,,1.0,,,,,,,,,,,,,,,,,,,,,,296402.0,,,,,,,324271.0,,,,,,,,
236,7501,0,75.0,3.0,2.0,1994.0,,,,,,,,,6.0,1.0,1.0,1.0,1.0,2.0,3.0,,,16.0,,,,,,,532.0,,,,,,,,,,,,,,,,,,,,,,,,,,,,,,,,,,,,,,,,,,,,,,,,,,,,,,,,,,,,,,,,,,,,,,,,,,,,,,,,,,,,
237,7501,1,75.0,3.0,2.0,1994.0,,,,,,,,,,,,,,,,,,16.0,,,,,,,532.0,,,,,,,,,,,,,,,,,,,,,,,,,,,,,,,,,,,,,,,,,,,,,,,,,,,,,,,,,,,,,,,,,,,,,,,,,,,,,,,,,,,,
238,7501,2,75.0,3.0,2.0,1994.0,,,,,,,,,,,,,,,,,,16.0,,,,,,,532.0,,,,,,,,,,,,1.0,,4.0,1.0,1.0,3.0,3.0,1.0,2.0,3.0,1.0,5.0,1.0,,,,,,,,,,,,,,,,,,,,,,,,,,,,,,,,,,,,,,,,,,,,,,,,,,,,,,,,,,,,
239,7501,3,75.0,3.0,2.0,1994.0,,,,,,,,,,,,,,,,,,16.0,,,,,,,532.0,,,,,,,,,,,,,,,,,,,,,,,,,,,,,,,,,,,,,,,,,,,,,,,,,,,,,,,,,,,,,,,,,,,,,,,,,,,,,,,,,,,,
240,7502,0,75.0,3.0,2.0,1996.0,,,,,,,,,,,,,,,,,,16.0,,,,,,,532.0,,,,,,,,,,,,,,,,,,,,,,,,,,,,,,,,,,,,,,,,,,,,,,,,,,,,,,,,,,,,,,,,,,,,,,,,,,,,,,,,,,,,
241,7502,1,75.0,3.0,2.0,1996.0,,,,,,,,,,,,,,,,,,16.0,,,,,,,532.0,4.0,4.0,2.0,2.0,0.0,1.0,2.0,1.0,3.0,1.0,5.0,,,,,,,,,,,,,1.0,,,,,,,,,,,,,,,,,,,,,,,,,,,,,,,,,,,,,,,,,,,,,,,,,,,,,,,,,,,,
242,7502,2,75.0,3.0,2.0,1996.0,,,,,,,,,,,,,,,,,,16.0,,,,,,,532.0,4.0,3.0,2.0,3.0,1.0,1.0,3.0,1.0,2.0,1.0,5.0,1.0,,4.0,1.0,1.0,3.0,3.0,1.0,3.0,3.0,1.0,5.0,,,,,,,,,,,,,,,,,,,,,,,,,,,,,,,,,,,,,,,,,,,,,,,,,,,,,,,,,,,,,
243,7502,3,75.0,3.0,2.0,1996.0,,,,,,,,,,,,,,,,,,16.0,,,,,,,532.0,,,,,,,,,,,,,,,,,,,,,,,,,,,,,,,,,,,,,,,,,,,,,,,,,,,,,,,,,,,,,,,,,,,,,,,,,,,,,,,,,,,,
244,7801,0,78.0,3.0,2.0,1989.0,,,,,14.0,17.0,17.0,52.0,,,,,,,,,,16.0,8.0,0.0,1.0,0.0,0.0,0.0,532.0,,,,,,,,,,,,,,,,,,,,,,,,,,,,,,,,,,,,,,,,,,,,,,,,,,,,,,,,,,,,,,,,,,,,,,,,,,,,,,,,,,,,
245,7801,1,78.0,3.0,2.0,1989.0,,,,,53.0,,,102.0,,,,,,,,1.0,1.0,16.0,8.0,0.0,1.0,0.0,0.0,0.0,532.0,4.0,6.0,6.0,3.0,1.0,1.0,2.0,2.0,5.0,1.0,3.0,,3.0,,,,,,,,,,,,,,,,,,,,,,,,,,,,,,1.0,,,2.0,,1.0,,,,,,,,,,,,,,,,,,5.0,,1.0,,,,,,,,,,,,,,,,
246,7801,2,78.0,3.0,2.0,1989.0,,,,,64.0,81.0,78.0,159.0,,,,,,,,,,16.0,8.0,0.0,1.0,0.0,0.0,0.0,532.0,,,,,,,,,,,,1.0,2.0,4.0,1.0,1.0,3.0,2.0,1.0,4.0,3.0,1.0,4.0,,,,,,,,,,,,,,,,,,,1.0,,,,,,,,,,,,,,,,,,,,,,,,,,,,,,,,,,,,,,,,,,
247,7801,3,78.0,3.0,2.0,1989.0,,,,,,,,,,,,,,,,,,16.0,8.0,0.0,1.0,0.0,0.0,0.0,532.0,,,,,,,,,,,,,,,,,,,,,,,,,,,,,,,,,,,,,,,,,,,,,,,2.0,,,,,,,,,,,,,,,,,1.0,,,,,4.0,,,,,,,120000.0,,,,,,,,
248,7802,0,78.0,3.0,2.0,1992.0,1.0,2.0,3.0,4.0,,,,47.0,,,,,,,,,,16.0,,,,,,,532.0,,,,,,,,,,,,,,,,,,,,,,,,,,,,,,,,,,,,,,,,,,,,,,,,,,,,,,,,,,,,,,,,,,,,,,,,,,,,,,,,,,,,
249,7802,1,78.0,3.0,2.0,1992.0,,,,,,,,,,,,,,,,1.0,1.0,16.0,,,,,,,532.0,4.0,2.0,3.0,3.0,1.0,1.0,2.0,2.0,3.0,1.0,4.0,1.0,,,,,,,,,,,,,,,,,,,,,,,,,,,,,,,,,,,,,,,,,,,,,,,,,,,,,,6.0,,1.0,,,,,,,,,,,,,,,,
250,7802,2,78.0,3.0,2.0,1992.0,,,,,53.0,77.0,51.0,,,,,,,,,,,16.0,,,,,,,532.0,,,,,,,,,,,,1.0,3.0,4.0,1.0,1.0,2.0,2.0,2.0,3.0,3.0,1.0,3.0,1.0,1.0,,,,,,,,,,,,,,,,,,,,,,,,,,,,,,,,,,,,,,,,,,,,,,,,,,,,,,,,,,,
251,7802,3,78.0,3.0,2.0,1992.0,,,,,,,,,,,,,,,,,,16.0,,,,,,,532.0,,,,,,,,,,,,,,,,,,,,,,,,,,,,,,,,,,,,,,,,,,,,,,,,,,,,,,,,,,,,,,,,,,,,,,,,,,,,,,,,,,,,
252,7803,0,78.0,3.0,1.0,1996.0,,,,,,,,,,,,,,,,,,16.0,6.0,0.0,0.0,0.0,0.0,0.0,532.0,,,,,,,,,,,,,,,,,,,,,,,,,,,,,,,,,,,,,,,,,,,,,,,,,,,,,,,,,,,,,,,,,,,,,,5.0,1.0,1.0,1.0,1.0,3.0,,,,,,,,,
253,7803,1,78.0,3.0,1.0,1996.0,,,,,34.0,39.0,22.0,86.0,,,,,,,,,,16.0,6.0,0.0,0.0,0.0,0.0,0.0,532.0,4.0,6.0,3.0,2.0,1.0,1.0,1.0,1.0,3.0,1.0,3.0,,,,,,,,,,,,,1.0,,,,,,,,,,,,,,,,,,,,,,,,,,,,,,,,,,,,,,,,,,,,,,,,,,,,,,,,,,,,
254,7803,2,78.0,3.0,1.0,1996.0,,,,,55.0,46.0,45.0,,,,,,,,,,,16.0,6.0,0.0,0.0,0.0,0.0,0.0,532.0,4.0,2.0,3.0,2.0,1.0,1.0,2.0,2.0,3.0,1.0,5.0,1.0,2.0,,,,,,,,,,,,1.0,,,,,,,,,,,,,,,,,,,,,,,,,,,,,,,,,,,,,,,,,,,,,,,,,,,,,,,,,,,
255,7803,3,78.0,3.0,1.0,1996.0,,,,,,,,,,,,,,,,,,16.0,6.0,0.0,0.0,0.0,0.0,0.0,532.0,,,,,,,,,,,,,,,,,,,,,,,,,,,,,,,,,,,,,,,,,,,,,,,,,,,,,,,,,,,,,,,,,,,,,,,,,,,,,,,,,,,,
256,7804,0,78.0,3.0,2.0,2000.0,1.0,1.0,,,,,,50.0,,,,,,,,,,16.0,,,,,,,532.0,,,,,,,,,,,,,,,,,,,,,,,,,,,,,1.0,1.0,,,,,,,,,,,,,,,,,,,,,,,,,,,,,,,,,,,,,,,,,,,,,,,,,,,,,,
257,7804,1,78.0,3.0,2.0,2000.0,,,,,27.0,29.0,19.0,,,,,,,,,,,16.0,,,,,,,532.0,4.0,4.0,3.0,2.0,1.0,1.0,2.0,2.0,3.0,1.0,5.0,1.0,,,,,,,,,,,,,,,,,,,,,,,,,,,,,,,,,,,,,,,,,,,,,,,,,,,,,,,,,,,,,,,,,,,,,,,,
258,7804,2,78.0,3.0,2.0,2000.0,,,,,,,,,,,,,,,,,,16.0,,,,,,,532.0,,,,,,,,,,,,,,,,,,,,,,,,,,,,,,,,,,,,,,,,,,,,,,,,,,,,,,,,,,,,,,,,,,,,,,,,,,,,,,,,,,,,
259,7804,3,78.0,3.0,2.0,2000.0,,,,,,,,,,,,,,,,,,16.0,,,,,,,532.0,,,,,,,,,,,,,,,,,,,,,,,,,,,,,,,,,,,,,,,,,,,,,,,,,,,,,,,,,,,,,,,,,,,,,,,,,,,,,,,,,,,,
260,8601,0,86.0,2.0,2.0,1977.0,,,,,,,,,,,,,,,,,,9.0,6.0,0.0,0.0,0.0,0.0,0.0,532.0,,,,,,,,,,,,,,,,,,,,,,,,,,,,,,,,,,,,,,,,,,,,,,,,,,,,,,,,,,,,,,,,,,,,,,,,,,,,,,,,,,,,
261,8601,1,86.0,2.0,2.0,1977.0,,,,,40.0,49.0,46.0,82.0,,,,,,,,,,9.0,6.0,0.0,0.0,0.0,0.0,0.0,532.0,,,,,,,,,,,,,,,,,,,,,,,,,,,,,,,,,,,,,,,,,,,,,,,,,,,,,,4.0,2.0,0.0,1.0,4.0,4.0,5.0,6.0,6.0,1.0,,,,,,,,,,,,,,,,,,,,,
262,8601,2,86.0,2.0,2.0,1977.0,,,,,,,,107.0,,,,,,,,,,9.0,6.0,0.0,0.0,0.0,0.0,0.0,532.0,,,,,,,,6.0,6.0,,,1.0,,,,,,,,,,,,,,,,,,,,,1.0,,,,6.0,1.0,1.0,,,,,,,,,,,,,,1.0,,,,,,,,,,,,,,,,,,,,,,,,,,,,,,3.0,
263,8601,3,86.0,2.0,2.0,1977.0,,,,,,,,,,,,,,,,,,9.0,6.0,0.0,0.0,0.0,0.0,0.0,532.0,,,,2.0,,,2.0,6.0,6.0,,,,,,,,,,,,,,,,,,,,,,,,,4.0,0.0,0.0,7.0,1.0,5.0,1.0,4.0,,,3.0,,,,,,,,,,,,,,,,,,,,,,,,,,,,,,,,,,,,,,,,
264,8901,0,89.0,2.0,2.0,1986.0,,,,,,,,23.0,,,,,,,,,,16.0,6.0,0.0,0.0,0.0,0.0,0.0,532.0,,,,,,,,,,,,,,,,,,,,,,,,,,,,,,,,,,,,,,,,,,,,,,,,,,,,,,,,,,,,,,,,,,,,,,,,,,,,,,,,,,,,5.0
265,8901,1,89.0,2.0,2.0,1986.0,,,,,,,18.0,64.0,,,,,,,,,,16.0,6.0,0.0,0.0,0.0,0.0,0.0,532.0,,,,2.0,,,1.0,1.0,3.0,,,,,,,,,,,,,,,,,,,,,,,,,,,,,,,,,,,,,,,,,,,,,,,,,,,,,,,,,,,,,,,,,,,,,,,,,,,
266,8901,2,89.0,2.0,2.0,1986.0,,,,,48.0,61.0,52.0,91.0,,,,,,,,1.0,1.0,16.0,6.0,0.0,0.0,0.0,0.0,0.0,532.0,,,,,,,,,,,,,3.0,4.0,1.0,0.0,2.0,1.0,1.0,5.0,5.0,1.0,5.0,,,,,,,,,,,,,,,,,,,0.0,1.0,,,3.0,,1.0,5.0,1.0,4.0,0.0,,,,,,,,,,,,,,,,,,,,,,,,,4.0,0.0,,,,,,
267,8901,3,89.0,2.0,2.0,1986.0,,,,,,,,,,,,,,,,,,16.0,6.0,0.0,0.0,0.0,0.0,0.0,532.0,,,,,,,,,,,,,,,,,,,,,,,,,,,,,,,,,,,,,,,,,,,,,,,,,,,,,,,,,,,,,,,,,,,,,,,,,,,,,,,,,,,,
268,9101,0,91.0,3.0,1.0,1994.0,,,,,,,,36.0,4.0,1.0,1.0,2.0,1.0,2.0,4.0,,,16.0,7.0,1.0,0.0,0.0,0.0,0.0,532.0,,,,,,,,,,,,,,,,,,,,,,,,,,,,,,,,,,,,,,,,,,,,,,,,,,,,,,,,,,,,,,,,,,,,,,,,,,,,,,,,4.0,,,,
269,9101,1,91.0,3.0,1.0,1994.0,,,,,,,,,,,,,,,,,,16.0,7.0,1.0,0.0,0.0,0.0,0.0,532.0,4.0,5.0,1.0,2.0,1.0,1.0,2.0,1.0,1.0,0.0,5.0,1.0,,,,,,,,,,,,,,,,,,,,,,,,,,,,,,,,,,,,,,,,,,,,,,,,,,,,,,,,,,,,,,,,,,,,,,,,
270,9101,2,91.0,3.0,1.0,1994.0,,,,,66.0,49.0,49.0,,,,,,,,,,,16.0,7.0,1.0,0.0,0.0,0.0,0.0,532.0,,,,,,,,,,,,1.0,4.0,4.0,1.0,1.0,1.0,1.0,3.0,3.0,2.0,1.0,5.0,1.0,1.0,,,,,,,,,,,,,,,,,,,,,,,,,,,,,,,,,,,,,,,,,,,,,,,,,,,,,,,,,,,
271,9101,3,91.0,3.0,1.0,1994.0,,,,,,,,,,,,,,,,,,16.0,7.0,1.0,0.0,0.0,0.0,0.0,532.0,,,,,,,,,,,,,,,,,,,,,,,,,,,,,,,,,,,,,,,,,,,,,,,,,,,,,,,,,,,,,,,,3.0,,,,,,,,,,,,,,,,,,,,
272,9102,0,91.0,3.0,1.0,1996.0,,,,,,,,,,,,,,,,,,16.0,8.0,0.0,0.0,1.0,0.0,0.0,532.0,,,,,,,,,,,,,,,,,,,,,,,,,,,,,,,,,,,,,,,,,,,,,,,,,,,,,,,,,,,,,,,,,,,,,,,,,,,,,,,,,,,,
273,9102,1,91.0,3.0,1.0,1996.0,1.0,1.0,,,,,,,,,,,,,,,,16.0,8.0,0.0,0.0,1.0,0.0,0.0,532.0,3.0,2.0,1.0,2.0,1.0,1.0,2.0,1.0,1.0,0.0,5.0,1.0,,,,,,,,,,,,1.0,,,,,1.0,1.0,,,,,,,,,,,,,,,,,,,,,,,,,,,,,,,,,,,,,,,,,,,,,,,,,,,,,,
274,9102,2,91.0,3.0,1.0,1996.0,,,,,-3.0,-3.0,54.0,126.0,,,,,,,,,,16.0,8.0,0.0,0.0,1.0,0.0,0.0,532.0,4.0,1.0,1.0,1.0,1.0,1.0,1.0,3.0,3.0,1.0,5.0,1.0,1.0,3.0,1.0,1.0,1.0,2.0,1.0,3.0,2.0,1.0,5.0,,1.0,,,,,,,,,,,,,,,,,,,,,,,,,,,,,,,,,,,,,,,,,,,,,,,,,,,,,,,,,,,
275,9102,3,91.0,3.0,1.0,1996.0,,,,,,,,,,,,,,,,,,16.0,8.0,0.0,0.0,1.0,0.0,0.0,532.0,,,,,,,,,,,,,,,,,,,,,,,,,,,,,,,,,,,,,,,,,,,,,,,1.0,,,,,,,,,,,,,,,,,1.0,,,,,,,,,,,,,,,,,,,,
276,9201,0,92.0,3.0,1.0,1982.0,1.0,2.0,3.0,4.0,,,,49.0,,,,,,,,,,12.0,4.0,0.0,0.0,0.0,0.0,0.0,532.0,4.0,6.0,2.0,4.0,,,,,,,,,,,,,,,,,,,,,,,,,,,,,,,,,,,,,,,,,,,,,,,,,,,,,,,,,,,,,,,,,,,,,,,,,,,,,,,,
277,9201,1,92.0,3.0,1.0,1982.0,1.0,2.0,3.0,4.0,,,,,,,,,,,,,,12.0,4.0,0.0,0.0,0.0,0.0,0.0,532.0,4.0,4.0,3.0,,0.0,1.0,,,,1.0,1.0,,,,,,,,,,,,,,,,,,,,,,,,,,,,,,,,,,,,,,,,,,,,,,,,,,,,,,,,,,,,,,,,,,,,,,,,,
278,9201,2,92.0,3.0,1.0,1982.0,,,,,46.0,60.0,48.0,119.0,,,,,,,,,,12.0,4.0,0.0,0.0,0.0,0.0,0.0,532.0,4.0,3.0,,,0.0,1.0,,,,,,,,4.0,0.0,1.0,2.0,2.0,4.0,4.0,4.0,1.0,5.0,,,,,,,,,,,,,,,,,,,0.0,1.0,,,4.0,,2.0,,,,,,,,,,,,,,,,,,,,,,,,,,,,,,,,,,,,
279,9201,3,92.0,3.0,1.0,1982.0,,,,,,,,,,,,,,,,,,12.0,4.0,0.0,0.0,0.0,0.0,0.0,532.0,,,,,,,,,,,,,,,,,,,,,,,,,,,,,,,,,,,,,,,,,,,,1.0,3.0,,,,,,,,,,,,,,,,,,,2.0,,,,,60000.0,,,,,,,,,,,,,,,
280,9202,0,92.0,3.0,1.0,1992.0,1.0,2.0,3.0,4.0,,,,50.0,,,,,,,,,,12.0,8.0,0.0,1.0,0.0,0.0,0.0,532.0,,,,,,,,,,,,,,,,,,,,,,,,,,,,,,,,,,,,,,,,,,,,,,,,,,,,,,,,,,,,,,,,,,,,,,,,,,,,,,,,,,,,
281,9202,1,92.0,3.0,1.0,1992.0,,,,,,,45.0,,,,,,,,,1.0,1.0,12.0,8.0,0.0,1.0,0.0,0.0,0.0,532.0,4.0,3.0,7.0,3.0,0.0,1.0,3.0,3.0,4.0,0.0,5.0,1.0,,,,,,,,,,,,,,,,,,,,,,,,,,,,,,,,,,,,,,,,,,,,,,,,,,,,,,6.0,4.0,1.0,,,,,,,,,,,,,,,,
282,9202,2,92.0,3.0,1.0,1992.0,,,,,54.0,76.0,51.0,119.0,,,,,,,,,,12.0,8.0,0.0,1.0,0.0,0.0,0.0,532.0,,,,,,,,,,,,-7.0,3.0,-7.0,-7.0,-7.0,-7.0,-7.0,-7.0,-7.0,-7.0,-7.0,-7.0,,,,,,,,,,,,,,,,,,,,,,,,,,,,,,,,,,,,,,,,,,,,,,,,,,,,,,,,,,,,,
283,9202,3,92.0,3.0,1.0,1992.0,,,,,,,,,,,,,,,,,,12.0,8.0,0.0,1.0,0.0,0.0,0.0,532.0,,,,,,,,,,,,,,,,,,,,,,,,,,,,,,,,,,,,,,,,,,,,,,,,,,,,,,,,,,,,,,,,,,,,,,,,,,,,,,,,,,,,
284,9501,0,95.0,3.0,1.0,1985.0,1.0,2.0,3.0,4.0,,,,53.0,,,,,,,,,,12.0,6.0,0.0,0.0,0.0,0.0,0.0,532.0,,,,,,,,,,,,,,,,,,,,,,,,,,,,,,,,,0.0,,,,,,,,,,,,,,,,,,,,,,,,,,,,,,,,,,,,,,,,,,,,,,,,,,,
285,9501,1,95.0,3.0,1.0,1985.0,,,,,,,,77.0,,,,,,,,,,12.0,6.0,0.0,0.0,0.0,0.0,0.0,532.0,,,,2.0,,,2.0,1.0,1.0,,,,,,,,,,,,,,,,,,,,,,,,,,,,,,,,,,,,,,,,,,,,,,,,,,,,,,,,,,,,,,,,,,,,,,,,,,,
286,9501,2,95.0,3.0,1.0,1985.0,,,,,,,47.0,97.0,,,,,,,,1.0,1.0,12.0,6.0,0.0,0.0,0.0,0.0,0.0,532.0,,,,,,,,,,,,,3.0,4.0,1.0,1.0,2.0,2.0,1.0,1.0,2.0,1.0,3.0,,,,,,,,,,,,,,,,,,,1.0,1.0,,,3.0,,1.0,1.0,1.0,4.0,1.0,,,,,,,,,,,,,,,,,,,,,,,,,4.0,1.0,,,,,,
287,9501,3,95.0,3.0,1.0,1985.0,,,,,,,,,,,,,,,,,,12.0,6.0,0.0,0.0,0.0,0.0,0.0,532.0,,,,,,,,,,,,,,,,,,,,,,,,,,,,,,,,,,,,,,,,,,,,,,,1.0,,,,,,,,,,,,,,,,,0.0,4.0,,,,5.0,,,,,,,70000.0,,,,,,,,
288,9502,0,95.0,3.0,1.0,1987.0,,2.0,,,11.0,5.0,5.0,69.0,,,,,,,,,,12.0,6.0,0.0,0.0,0.0,0.0,0.0,532.0,,,,,,,,,,,,,,,,,,,,,,,,,,,,,,,,,0.0,,,,,,,,,,,,,,,,,,,,,,,,,,,,,,,,,,,,,,,,,,,,,,,,,,,1.0
289,9502,1,95.0,3.0,1.0,1987.0,,,,,,,,97.0,,,,,,,,,,12.0,6.0,0.0,0.0,0.0,0.0,0.0,532.0,,,,,,,,,,,,,,,,,,,,,,,,,,,,,,,,,,,,,,,,,,,1.0,,,2.0,,1.0,,,,,,,,,,,,,,,,,,,,,,,,,,,,,,,,,,,,
290,9502,2,95.0,3.0,1.0,1987.0,,,,,42.0,44.0,44.0,122.0,,,,,,,,1.0,1.0,12.0,6.0,0.0,0.0,0.0,0.0,0.0,532.0,,,,,,,,,,,,,3.0,,,,,,,,,,,,,,,,,,,,,,,,,,,,,,,,,,,,2.0,1.0,4.0,1.0,,,,,,,,,,,,,,,,,,,,,,,,,4.0,1.0,,,,,,
291,9502,3,95.0,3.0,1.0,1987.0,,,,,,,,,,,,,,,,,,12.0,6.0,0.0,0.0,0.0,0.0,0.0,532.0,,,,,,,,,,,,,,,,,,,,,,,,,,,,,,,,,,,,,,,,,,,,,,,-7.0,,,,,,,,,,,,,,,,,2.0,,,,,3.0,,,,,,,,,,,,,,,
292,9503,0,95.0,3.0,1.0,1988.0,,,3.0,4.0,,,,38.0,,,,,,,,,,12.0,8.0,1.0,0.0,1.0,0.0,0.0,532.0,,,,,,,,,,,,,,,,,,,,,,,,,,,,,,,,,,,,,,,,,,,,,,,,,,,,,,,,,,,,,,,,,,,,,,,,,,,,,,,,,,,,
293,9503,1,95.0,3.0,1.0,1988.0,1.0,2.0,3.0,4.0,,,,75.0,,,,,,,,,,12.0,8.0,1.0,0.0,1.0,0.0,0.0,532.0,4.0,5.0,2.0,2.0,1.0,1.0,2.0,1.0,2.0,1.0,4.0,,,4.0,1.0,1.0,2.0,2.0,1.0,2.0,2.0,1.0,4.0,,,,,,,,,,,,,,,,,,,,1.0,,,3.0,,1.0,,,,,,,,,,,,,,,,,,,,,,,,,,,,,,,,,,,,
294,9503,2,95.0,3.0,1.0,1988.0,,,,,-7.0,-7.0,-7.0,,,,,,,,,1.0,1.0,12.0,8.0,1.0,0.0,1.0,0.0,0.0,532.0,,,,,,,,,,,,1.0,-7.0,4.0,1.0,1.0,1.0,1.0,3.0,2.0,6.0,0.0,4.0,,,,,,,,,,,,,,,,,,,0.0,,,,,,,,,,,,,,,,,,,,,,,,4.0,4.0,1.0,,,,,,,,,,,,,,,,
295,9503,3,95.0,3.0,1.0,1988.0,,,,,,,,,,,,,,,,,,12.0,8.0,1.0,0.0,1.0,0.0,0.0,532.0,,,,,,,,,,,,,,,,,,,,,,,,,,,,,,,,,,,,,,,,,,,,,,,1.0,,,,,,,,,,,,,,,,,,,,,,4.0,,,,,,,,,,,,,,,
296,9601,0,96.0,3.0,2.0,1980.0,,,,,,,,,,,,,,,,,,12.0,8.0,0.0,1.0,0.0,0.0,0.0,532.0,,,,,,,,,,,,,,,,,,,,,,,,,,,,,,,,,,,,,,,,,,,,,,,,,,,,,,,,,,,,,,,,,,,,,,,,,,,,,,,,,,,,
297,9601,1,96.0,3.0,2.0,1980.0,1.0,2.0,3.0,4.0,,,,78.0,,,,,,,,,,12.0,8.0,0.0,1.0,0.0,0.0,0.0,532.0,,,,5.0,0.0,1.0,,,,1.0,1.0,,,,,,,,,,,,,,,,,,,,,,0.0,,,,,,,,,,,,,,,,,,,,,,,,,,,,,,,,,,,,,,,,,,,,,,,,,,,
298,9601,2,96.0,3.0,2.0,1980.0,,,,,55.0,60.0,65.0,136.0,,,,,,,,,,12.0,8.0,0.0,1.0,0.0,0.0,0.0,532.0,,,,1.0,,,2.0,3.0,6.0,,,,,4.0,0.0,1.0,4.0,3.0,2.0,3.0,3.0,1.0,4.0,,,,,,,,,,,4.0,1.0,0.0,4.0,0.0,5.0,2.0,1.0,0.0,1.0,,,,,3.0,,,,,3.0,,,,,,,,,,,,,,,,,,,,,,,,,,,,,,,
299,9601,3,96.0,3.0,2.0,1980.0,,,,,,,,,,,,,,,,,,12.0,8.0,0.0,1.0,0.0,0.0,0.0,532.0,,,,,,,,,,,,,,,,,,,,,,,,,,,,,,,,,,,,,,,,,,,,,,,,,,,,,,,,,,,,,,,,,,,,,,,,,,,,,,,,,,,,
300,9602,0,96.0,3.0,2.0,1986.0,1.0,2.0,3.0,4.0,,,,,,,,,,,,,,12.0,10.0,1.0,1.0,0.0,1.0,0.0,532.0,,,,,,,,,,,,,,,,,,,,,,,,,,,,,,,,,0.0,,,,,,,,,,,,,,,,,,,,,,,,,,,,,,,,,,,,,,,,,,,,,,,,,,,
301,9602,1,96.0,3.0,2.0,1986.0,1.0,2.0,3.0,4.0,21.0,,,57.0,,,,,,,,,,12.0,10.0,1.0,1.0,0.0,1.0,0.0,532.0,4.0,6.0,3.0,4.0,0.0,1.0,3.0,2.0,2.0,1.0,5.0,,,,,,,,,,,,,,,,,,,,,,,,,,,,,,,,,,,,,,,,,,,,,,,,,,,,,,,,,,,,,,,,,,,,,,,,,
302,9602,2,96.0,3.0,2.0,1986.0,,,,,49.0,58.0,56.0,114.0,,,,,,,,1.0,1.0,12.0,10.0,1.0,1.0,0.0,1.0,0.0,532.0,4.0,3.0,4.0,3.0,1.0,1.0,3.0,3.0,3.0,1.0,5.0,1.0,1.0,2.0,1.0,1.0,3.0,2.0,1.0,3.0,2.0,1.0,5.0,,,,,,,,,,,,,,,,,,,1.0,1.0,,,4.0,,1.0,2.0,1.0,4.0,1.0,,,,,,,,,,,,,,,,,,,,,,,,,4.0,1.0,,,,,,
303,9602,3,96.0,3.0,2.0,1986.0,,,,,,,,,,,,,,,,,,12.0,10.0,1.0,1.0,0.0,1.0,0.0,532.0,,,,,,,,,,,,,,,,,,,,,,,,,,,,,,,,,,,,,,,,,,,,,,,1.0,,,,,,,,,,,,,,,,,,,,,,,,,,,,,,,,,,,,,
304,9603,0,96.0,3.0,1.0,1998.0,1.0,1.0,,,,,,49.0,,,,,,,,,,12.0,8.0,0.0,0.0,1.0,0.0,0.0,532.0,,,,,,,,,,,,,,,,,,,,,,,,,,,,,1.0,1.0,,,,,,,,,,,,,,,,,,,,,,,,,,,,,,,,,,,,,,,,,,,,,,,,,,,,,,
305,9603,1,96.0,3.0,1.0,1998.0,,,,,,,,,,,,,,,,,,12.0,8.0,0.0,0.0,1.0,0.0,0.0,532.0,,,,,,,,,,,,1.0,0.0,,,,,,,,,,,1.0,,,,,,,,,,,,,,,,,,,,,,,,,,,,,,,,,,,,,,,,,,,,,,,,,,,,,,,,,,,,
306,9603,2,96.0,3.0,1.0,1998.0,,,,,63.0,70.0,50.0,113.0,,,,,,,,,,12.0,8.0,0.0,0.0,1.0,0.0,0.0,532.0,4.0,5.0,2.0,3.0,1.0,1.0,3.0,1.0,2.0,1.0,5.0,1.0,4.0,4.0,1.0,1.0,4.0,4.0,1.0,2.0,2.0,1.0,5.0,,1.0,,,,,,,,,,,,,,,,,,,,,,,,,,,,,,,,,,,,,,,,,,,,,,,,,,,,,,,,0.0,,,
307,9603,3,96.0,3.0,1.0,1998.0,,,,,,,,,,,,,,,,,,12.0,8.0,0.0,0.0,1.0,0.0,0.0,532.0,,,,,,,,,,,,,,,,,,,,,,,,,,,,,,,,,,,,,,,,,,,,,,,1.0,,,,,,,,,,,,,,,,,0.0,,,,,96000.0,,,,,,,,,,,,,,,
308,9701,0,97.0,3.0,1.0,1987.0,,,,,15.0,8.0,8.0,82.0,,,,,,,,,,14.0,7.0,1.0,0.0,0.0,0.0,0.0,532.0,,,,,,,,,,,,,,,,,,,,,,,,,,,,,,,,,,,,,,,,,,,,,,,,,,,,,,,,,,,,,,,,,,,,,,,,,,,,,,,,,,,,
309,9701,1,97.0,3.0,1.0,1987.0,,,,,,,,95.0,,,,,,,,,,14.0,7.0,1.0,0.0,0.0,0.0,0.0,532.0,,,,,,,,,,,,,,,,,,,,,,,,,,,,,,,,,,,,,,,,,,,1.0,,,4.0,,1.0,,,,,,,,,,,,,,,,,,,,,,,,,,,,,,,,,,,,
310,9701,2,97.0,3.0,1.0,1987.0,,,,,,,,72.0,,,,,,,,1.0,1.0,14.0,7.0,1.0,0.0,0.0,0.0,0.0,532.0,,,,,,,,,,,,1.0,,4.0,0.0,1.0,2.0,1.0,1.0,3.0,2.0,1.0,4.0,,,,,,,,,,,,,,,,,,,,,,,,,,2.0,1.0,4.0,1.0,,,,,,,,,,,,,,,,,,,,,,,,,4.0,1.0,,,,,,
311,9701,3,97.0,3.0,1.0,1987.0,,,,,,,,,,,,,,,,,,14.0,7.0,1.0,0.0,0.0,0.0,0.0,532.0,,,,,,,,,,,,,,,,,,,,,,,,,,,,,,,,,,,,,,,,,,,,,,,1.0,,,,,,,,,,,,,,,,,0.0,,,,,6.0,,,,,,,100000.0,,,,,,,,
312,9702,0,97.0,3.0,1.0,1989.0,,,,,12.0,6.0,6.0,16.0,,,,,,,,,,14.0,7.0,1.0,0.0,0.0,0.0,0.0,532.0,,,,,,,,,,,,,,,,,,,,,,,,,,,,,,,,,,,,,,,,,,,,,,,,,,,,,,,,,,,,,,,,,,,,,,,,,,,,,,,,,,,,
313,9702,1,97.0,3.0,1.0,1989.0,,,,,,,,90.0,,,,,,,,1.0,1.0,14.0,7.0,1.0,0.0,0.0,0.0,0.0,532.0,4.0,6.0,2.0,3.0,1.0,1.0,1.0,1.0,3.0,1.0,2.0,,4.0,,,,,,,,,,,,,,,,,,,,,,,,,,,,,,1.0,,,3.0,,1.0,,,,,,,,,,,,,,,,,,6.0,4.0,1.0,,,,,,,,,,,,,,,,
314,9702,2,97.0,3.0,1.0,1989.0,,,,,,,,131.0,,,,,,,,,,14.0,7.0,1.0,0.0,0.0,0.0,0.0,532.0,,,,,,,,,,,,,,,,,,,,,,,,,,,,,,,,,,,,,,,,,,1.0,,,,,,,,,,,,,,,,,,,,,,,,,,,,,,,,,,,,,,,,,,
315,9702,3,97.0,3.0,1.0,1989.0,,,,,,,,,,,,,,,,,,14.0,7.0,1.0,0.0,0.0,0.0,0.0,532.0,,,,,,,,,,,,,,,,,,,,,,,,,,,,,,,,,,,,,,,,,,,,,,,-7.0,,,,,,,,,,,,,,,,,0.0,,,,,5.0,,,,,,,-2.0,,,,,,,,
316,9801,0,98.0,3.0,1.0,1987.0,1.0,2.0,3.0,4.0,,,,55.0,,,,,,,,,,13.0,10.0,0.0,1.0,0.0,1.0,0.0,532.0,,,,,,,,,,,,,,,,,,,,,,,,,,,,,,,,,,,,,,,,,,,,,,,,,,,,,,,,,,,,,,,,,,,,,,,,,,,,,,,,,,,,
317,9801,1,98.0,3.0,1.0,1987.0,,,,,,,,127.0,,,,,,,,,,13.0,10.0,0.0,1.0,0.0,1.0,0.0,532.0,,,,,,,,,,,,,,,,,,,,,,,,,,,,,,,,,,,,,,,,,,,1.0,,,2.0,,1.0,,,,,,,,,,,,,,,,,,,,,,,,,,,,,,,,,,,,
318,9801,2,98.0,3.0,1.0,1987.0,,,,,,,,136.0,,,,,,,,1.0,1.0,13.0,10.0,0.0,1.0,0.0,1.0,0.0,532.0,,,,,,,,,,,,1.0,,4.0,0.0,1.0,3.0,2.0,1.0,1.0,2.0,1.0,5.0,,,,,,,,,,,,,,,,,,,0.0,,,,,,,2.0,1.0,5.0,1.0,,,,,,,,,,,,,,,,,,,,,,,,,4.0,0.0,,,,,,
319,9801,3,98.0,3.0,1.0,1987.0,,,,,,,,,,,,,,,,,,13.0,10.0,0.0,1.0,0.0,1.0,0.0,532.0,,,,,,,,,,,,,,,,,,,,,,,,,,,,,,,,,,,,,,,,,,,,,,,-7.0,,,,,,,,,,,,,,,,,1.0,,,,,4.0,,,,,,,,,,,,,,,
320,9802,0,98.0,3.0,1.0,1990.0,1.0,2.0,3.0,4.0,,,,53.0,,,,,,,,,,13.0,8.0,0.0,0.0,1.0,0.0,0.0,532.0,,,,,,,,,,,,,,,,,,,,,,,,,,,,,,,,,,,,,,,,,,,,,,,,,,,,,,,,,,,,,,,,,,,,,,,,,,,,,,,,,,,,
321,9802,1,98.0,3.0,1.0,1990.0,1.0,2.0,3.0,4.0,,,,,,,,,,,,1.0,1.0,13.0,8.0,0.0,0.0,1.0,0.0,0.0,532.0,,,,,,,,,,,,,3.0,,,,,,,,,,,,,,,,,,,,,,,,,,,,,,1.0,,,,,1.0,,,,,,,,,,,,,,,,,,5.0,4.0,1.0,,,,,,,,,,,,4.0,,,,
322,9802,2,98.0,3.0,1.0,1990.0,,,,,72.0,76.0,59.0,150.0,,,,,,,,,,13.0,8.0,0.0,0.0,1.0,0.0,0.0,532.0,4.0,2.0,2.0,3.0,0.0,0.0,2.0,1.0,1.0,1.0,5.0,1.0,0.0,4.0,0.0,1.0,3.0,2.0,1.0,3.0,1.0,1.0,4.0,1.0,1.0,,,,,,,,,,,,,,,,,1.0,,,,,,,,,,,,,,,,,,,,,,,,,,,,,,,,,,,,,,,,,,
323,9802,3,98.0,3.0,1.0,1990.0,,,,,,,,,,,,,,,,,,13.0,8.0,0.0,0.0,1.0,0.0,0.0,532.0,,,,,,,,,,,,,,,,,,,,,,,,,,,,,,,,,,,,,,,,,,,,,,,1.0,,,,,,,,,,,,,,,,,,,,,,,,,,,,,,,,,,,,,
324,9803,0,98.0,3.0,1.0,1994.0,,,,,,,,,5.0,1.0,2.0,1.0,2.0,2.0,2.0,,,13.0,8.0,0.0,1.0,0.0,0.0,0.0,532.0,,,,,,,,,,,,,,,,,,,,,,,,,,,,,,,,,,,,,,,,,,,,,,,,,,,,,,,,,,,,,,,,,,,,,,,,,,,,,,,,3.0,,,,
325,9803,1,98.0,3.0,1.0,1994.0,,1.0,,,,,,,,,,,,,,,,13.0,8.0,0.0,1.0,0.0,0.0,0.0,532.0,4.0,6.0,1.0,3.0,0.0,1.0,2.0,1.0,2.0,1.0,4.0,,4.0,,,,,,,,,,,,,5.0,4.0,1.0,1.0,1.0,2.0,1.0,,,,,,,,,,,,,,,,,,,,,,,,,,,,,,,,,,,,,,,,,,,,,,,,,,,,
326,9803,2,98.0,3.0,1.0,1994.0,,,,,75.0,79.0,75.0,144.0,,,,,,,,,,13.0,8.0,0.0,1.0,0.0,0.0,0.0,532.0,4.0,2.0,3.0,1.0,0.0,1.0,1.0,1.0,5.0,1.0,5.0,1.0,2.0,4.0,1.0,1.0,2.0,3.0,1.0,5.0,2.0,1.0,4.0,1.0,1.0,,,,,,,,,,,,,,,,,,,,,,,,,,,,,,,,,,,,,,,,,,,,,,,,,,,,,,,,,,,
327,9803,3,98.0,3.0,1.0,1994.0,,,,,,,,,,,,,,,,,,13.0,8.0,0.0,1.0,0.0,0.0,0.0,532.0,,,,,,,,,,,,,,,,,,,,,,,,,,,,,,,,,,,,,,,,,,,,,,,,,,,,,,,,,,,,,,,,1.0,,,,,3.0,,,,,,,,,,,,,,,
328,9901,0,99.0,3.0,1.0,1987.0,,,,,,,,80.0,,,,,,,,,,14.0,6.0,0.0,0.0,0.0,0.0,0.0,532.0,,,,,,,,,,,,,,,,,,,,,,,,,,,,,,,,,,,,,,,,,,,,,,,,,,,,,,,,,,,,,,,,,,,,,,,,,,,,,,,,,,,,
329,9901,1,99.0,3.0,1.0,1987.0,,,,,,,,114.0,,,,,,,,,,14.0,6.0,0.0,0.0,0.0,0.0,0.0,532.0,,,,,,,,,,,,,,,,,,,,,,,,,,,,,,,,,,,,,,,,,,,1.0,,,3.0,,1.0,,,,,,,,,,,,,,,,,,,,,,,,,,,,,,,,,,,,
330,9901,2,99.0,3.0,1.0,1987.0,,,,,,,,128.0,,,,,,,,1.0,1.0,14.0,6.0,0.0,0.0,0.0,0.0,0.0,532.0,,,,,,,,,,,,1.0,,4.0,1.0,1.0,2.0,2.0,3.0,4.0,6.0,1.0,4.0,,,,,,,,,,,,,,,,,,,,,,,,,,,,4.0,,,,,,,,,,,,,,,,,,,,,,,,,,,,,,,,,
331,9901,3,99.0,3.0,1.0,1987.0,,,,,,,,,,,,,,,,,,14.0,6.0,0.0,0.0,0.0,0.0,0.0,532.0,,,,,,,,,,,,,,,,,,,,,,,,,,,,,,,,,,,,,,,,,,,,,,,-7.0,,,,,,,,,,,,,,,,,2.0,,,,,-7.0,,,,,,,15000.0,,,,,,,,
332,9902,0,99.0,3.0,1.0,1993.0,,,3.0,4.0,13.0,10.0,10.0,54.0,6.0,1.0,1.0,1.0,1.0,2.0,2.0,5.0,5.0,14.0,6.0,0.0,0.0,0.0,0.0,0.0,532.0,,,,,,,,,,,,,,,,,,,,,,,,,,,,,,,,,,,,,,,,,,,,,,,,,,,,,,,,,,,,,,,,,,,,,,,,,,,,,,,,,,,,
333,9902,1,99.0,3.0,1.0,1993.0,,,,,,,,,,,,,,,,,,14.0,6.0,0.0,0.0,0.0,0.0,0.0,532.0,,,,,,,,,,,,,,,,,,,,,,,,,,,,,,,,,,,,,,,,,,,,,,,,,,,,,,,,,,,,,,,,,,,,,,,,,,,,,,,,,,,,
334,9902,2,99.0,3.0,1.0,1993.0,,,,,,,,128.0,,,,,,,,,,14.0,6.0,0.0,0.0,0.0,0.0,0.0,532.0,,,,,,,,,,,,1.0,,,,,,,,,,,,1.0,,,,,,,,,,,,,,,,,,,,,,,,,,,,,,,,,,,,,,,,,,,,,,,,,,,,,,,,,,,,
335,9902,3,99.0,3.0,1.0,1993.0,,,,,,,,,,,,,,,,,,14.0,6.0,0.0,0.0,0.0,0.0,0.0,532.0,,,,,,,,,,,,,,,,,,,,,,,,,,,,,,,,,,,,,,,,,,,,,,,1.0,,,,,,,,,,,,,,,,,2.0,,,,,,,,,,,,40000.0,,,,,,,,
336,10001,0,100.0,3.0,1.0,1985.0,,,,,10.0,,,17.0,,,,,,,,,,12.0,3.0,0.0,0.0,0.0,0.0,0.0,532.0,,,,,,,,,,,,,,,,,,,,,,,,,,,,,,,,,0.0,,,,,,,,,,,,,,,,,,,,,,,,,,,,,,,,,,,,,,,,,,,,,,,,,,,
337,10001,1,100.0,3.0,1.0,1985.0,,,,,,,48.0,74.0,,,,,,,,,,12.0,3.0,0.0,0.0,0.0,0.0,0.0,532.0,,,,1.0,,,1.0,1.0,6.0,,,,,,,,,,,,,,,,,,,,,,,,,,,,,,,,,,,,,,,,,,,,,,,,,,,,,,,,,,,,,,,,,,,,,,,,,,,
338,10001,2,100.0,3.0,1.0,1985.0,,,,,,,,110.0,,,,,,,,1.0,1.0,12.0,3.0,0.0,0.0,0.0,0.0,0.0,532.0,,,,,,,,,,,,,1.0,4.0,1.0,0.0,3.0,1.0,1.0,3.0,3.0,0.0,4.0,,,,,,,,,,,,,,,,,,,,1.0,,,4.0,,1.0,6.0,1.0,4.0,0.0,,,,,,,,,,,,,,,,,,,,,,,,,4.0,0.0,,,,,,
339,10001,3,100.0,3.0,1.0,1985.0,,,,,,,,,,,,,,,,,,12.0,3.0,0.0,0.0,0.0,0.0,0.0,532.0,,,,,,,,,,,,,,,,,,,,,,,,,,,,,,,,,,,,,,,,,,,,,,,1.0,,,,,,,,,,,,,,,,,3.0,6.0,,,,,,,,,,,,,,,,,,,
340,10002,0,100.0,3.0,1.0,1991.0,,,,,7.0,6.0,6.0,20.0,,,,,,,,,,12.0,1.0,0.0,0.0,0.0,0.0,0.0,532.0,,,,,,,,,,,,,,,,,,,,,,,,,,,,,,,,,,,,,,,,,,,5.0,,,,,4.0,,,,,,,,,,,,,,,,,,,,,,,,,,,,,,,,,,,,
341,10002,1,100.0,3.0,1.0,1991.0,,,,,18.0,23.0,29.0,,,,,,,,,1.0,1.0,12.0,1.0,0.0,0.0,0.0,0.0,0.0,532.0,4.0,5.0,6.0,1.0,0.0,0.0,1.0,4.0,4.0,1.0,5.0,1.0,5.0,,,,,,,,,,,,,,,,,,,,,,,,,,,,,,,,,,,,,,,,,,,,,,,,,,,,,5.0,4.0,1.0,,,,,,,,,,,,,,,,
342,10002,2,100.0,3.0,1.0,1991.0,,,,,53.0,62.0,48.0,,,,,,,,,,,12.0,1.0,0.0,0.0,0.0,0.0,0.0,532.0,,,,,,,,,,,,1.0,0.0,,,,,,3.0,6.0,6.0,,,1.0,1.0,,,,,,,,,,,,,,,,,,,,,,,,,,,,,,,,,,,,,,,,,,,,,,,,,,,,,,,,,,,
343,10002,3,100.0,3.0,1.0,1991.0,,,,,,,,,,,,,,,,,,12.0,1.0,0.0,0.0,0.0,0.0,0.0,532.0,,,,,,,,,,,,,,,,,,,,,,,,,,,,,,,,,,,,,,,,,,,,,,,1.0,,,,,,,,,,,,,,,,,2.0,,,,,-2.0,,,,,,,,,,,,,,,
344,10003,0,100.0,3.0,2.0,1993.0,1.0,,3.0,4.0,7.0,8.0,8.0,15.0,5.0,1.0,1.0,1.0,1.0,2.0,1.0,9.0,10.0,12.0,7.0,1.0,0.0,0.0,0.0,0.0,532.0,,,,,,,,,,,,,,,,,,,,,,,,,,,,,,,,,,,,,,,,,,,,,,,,,,,,,,,,,,,,,,,,,,,,,,,,,,,,,,,,,,,,
345,10003,1,100.0,3.0,2.0,1993.0,,,,,,,,,,,,,,,,,,12.0,7.0,1.0,0.0,0.0,0.0,0.0,532.0,,,,,,,,,,,,,,,,,,,,,,,,,,,,,,,,,,,,,,,,,,,,,,,,,,,,,,,,,,,,,,,,,,,,,,,,,,,,,,,,,,,,
346,10003,2,100.0,3.0,2.0,1993.0,,,,,,,,107.0,,,,,,,,,,12.0,7.0,1.0,0.0,0.0,0.0,0.0,532.0,,,,,,,,,,,,1.0,,,,,,,,,,,,1.0,,,,,,,,,,,,,,,,,,,,,,,,,,,,,,,,,,,,,,,,,,,,,,,,,,,,,,,,,,,,
347,10003,3,100.0,3.0,2.0,1993.0,,,,,,,,,,,,,,,,,,12.0,7.0,1.0,0.0,0.0,0.0,0.0,532.0,,,,,,,,,,,,,,,,,,,,,,,,,,,,,,,,,,,,,,,,,,,,,,,2.0,,,,,,,,,,,,,,,,,2.0,,,,,3.0,,,,,,,60000.0,,,,,,,,
348,10201,0,102.0,3.0,1.0,1992.0,,,,,,,,,,,,,,,,,,16.0,8.0,0.0,1.0,0.0,0.0,0.0,532.0,,,,,,,,,,,,,,,,,,,,,,,,,,,,,,,,,,,,,,,,,,,,,,,,,,,,,,,,,,,,,,,,,,,,,,,,,,,,,,,,,,,,
349,10201,1,102.0,3.0,1.0,1992.0,,,,,,,,,,,,,,,,,,16.0,8.0,0.0,1.0,0.0,0.0,0.0,532.0,,,,,,,,,,,,,,,,,,,,,,,,,,,,,,,,,,,,,,,,,,,,,,,,,,,,,,,,,,,,,,,,,,,,,,,,,,,,,,,,,,,,
350,10201,2,102.0,3.0,1.0,1992.0,,,,,,,,,,,,,,,,,,16.0,8.0,0.0,1.0,0.0,0.0,0.0,532.0,,,,,,,,,,,,1.0,,4.0,0.0,1.0,2.0,2.0,2.0,2.0,2.0,1.0,3.0,,,,,,,,,,,,,,,,,,,,,,,,,,,,,,,,,,,,,,,,,,,,,,,,,,,,,,,,,,,,,
351,10201,3,102.0,3.0,1.0,1992.0,,,,,,,,,,,,,,,,,,16.0,8.0,0.0,1.0,0.0,0.0,0.0,532.0,,,,,,,,,,,,,,,,,,,,,,,,,,,,,,,,,,,,,,,,,,,,,,,1.0,,,,,,,,,,,,,,,,,2.0,,,,,4.0,,,,,,,,,,,,,,,
352,11101,0,111.0,3.0,2.0,1982.0,1.0,2.0,3.0,4.0,,,,52.0,,,,,,,,,,12.0,3.0,0.0,0.0,0.0,0.0,0.0,532.0,4.0,6.0,2.0,2.0,,,,,,,,,,,,,,,,,,,,,,,,,,,,,,,,,,,,,,,,,,,,,,,,,,,,,,,,,,,,,,,,,,,,,,,,,,,,,,,,
353,11101,1,111.0,3.0,2.0,1982.0,,,,,,,,,,,,,,,,,,12.0,3.0,0.0,0.0,0.0,0.0,0.0,532.0,,,,,,,,,,,,,,,,,,,,,,,,,,,,,,,,,0.0,,,,,,,,,,,,,,,,,,,,,,,,,,,,,,,,,,,,,,,,,,,,,,,,,,,
354,11101,2,111.0,3.0,2.0,1982.0,,,,,49.0,74.0,64.0,-7.0,,,,,,,,,,12.0,3.0,0.0,0.0,0.0,0.0,0.0,532.0,,,,2.0,,,2.0,1.0,3.0,,,,,4.0,1.0,0.0,2.0,2.0,1.0,1.0,2.0,1.0,5.0,,,,,,,,,,,4.0,1.0,1.0,3.0,1.0,5.0,1.0,1.0,0.0,1.0,,,1.0,,1.0,,,,,,,,,,,,,,,,,,,,,,,,,,,,,,,,,,,,
355,11101,3,111.0,3.0,2.0,1982.0,,,,,,,,,,,,,,,,,,12.0,3.0,0.0,0.0,0.0,0.0,0.0,532.0,,,,,,,,,,,,,,,,,,,,,,,,,,,,,,,,,,,,,,,,,,,,1.0,2.0,,,,,,,,,,,,,,,,,,,,,,,,90000.0,,,,,,,,,,,,,,,
356,11102,0,111.0,3.0,2.0,1983.0,1.0,2.0,3.0,4.0,14.0,17.0,17.0,81.0,,,,,,,,,,12.0,3.0,0.0,0.0,0.0,0.0,0.0,532.0,,,,,,,,,,,,,,,,,,,,,,,,,,,,,,,,,0.0,,,,,,,,,,,,,,,,,,,,,,,,,,,,,,,,,,,,,,,,,,,,,,,,,,,
357,11102,1,111.0,3.0,2.0,1983.0,,,,,,,40.0,106.0,,,,,,,,,,12.0,3.0,0.0,0.0,0.0,0.0,0.0,532.0,,,,,,,,,,,,,,,,,,,,,,,,,,,,,,,,,0.0,,,,,,,,,,,,,,,,,,,,,,,,,,,,,,,,,,,,,,,,,,,,,,,,,,,
358,11102,2,111.0,3.0,2.0,1983.0,,,,,,,65.0,113.0,,,,,,,,,,12.0,3.0,0.0,0.0,0.0,0.0,0.0,532.0,,,,,,,,,,,,,,,,,,,,,,,,,,,,,,,,,,,,,,,,,,1.0,,,,2.0,,,,,,,,,,,,,,,,,,,,,,,,,,,,,,,,,,,,,,
359,11102,3,111.0,3.0,2.0,1983.0,,,,,,,,,,,,,,,,,,12.0,3.0,0.0,0.0,0.0,0.0,0.0,532.0,,,,,,,,,,,,,,,,,,,,,,,,,,,,,,,,,,,,,,,,,,,,3.0,2.0,,,,,,,,,,,,,,,,,,,0.0,5.0,,,,,,,,,,,,,,,,,,,
360,11103,0,111.0,3.0,1.0,1987.0,,,,,11.0,14.0,14.0,40.0,,,,,,,,,,12.0,3.0,0.0,0.0,0.0,0.0,0.0,532.0,,,,,,,,,,,,,,,,,,,,,,,,,,,,,,,,,,,,,,,,,,,,,,,,,,,,,,,,,,,,,,,,,,,,,,,,,,,,,,,,,,,,
361,11103,1,111.0,3.0,1.0,1987.0,,,,,,,,107.0,,,,,,,,,,12.0,3.0,0.0,0.0,0.0,0.0,0.0,532.0,,,,,,,,,,,,,,,,,,,,,,,,,,,,,,,,,,,,,,,,,,,1.0,,,1.0,,1.0,,,,,,,,,,,,,,,,,,,,,,,,,,,,,,,,,,,,
362,11103,2,111.0,3.0,1.0,1987.0,,,,,,,,97.0,,,,,,,,1.0,1.0,12.0,3.0,0.0,0.0,0.0,0.0,0.0,532.0,,,,,,,,,,,,1.0,,4.0,1.0,0.0,2.0,2.0,1.0,1.0,3.0,1.0,4.0,,,,,,,,,,,,,,,,,,,,,,,,,,3.0,1.0,4.0,1.0,,,,,,,,,,,,,,,,,,,,,,,,,4.0,1.0,,,,,,
363,11103,3,111.0,3.0,1.0,1987.0,,,,,,,,,,,,,,,,,,12.0,3.0,0.0,0.0,0.0,0.0,0.0,532.0,,,,,,,,,,,,,,,,,,,,,,,,,,,,,,,,,,,,,,,,,,,,,,,1.0,,,,,,,,,,,,,,,,,2.0,,,,,5.0,,,,,,,,,,,,,,,
364,11201,0,112.0,3.0,1.0,1982.0,1.0,2.0,3.0,4.0,,,,58.0,,,,,,,,,,12.0,3.0,0.0,0.0,0.0,0.0,0.0,532.0,3.0,4.0,,4.0,,,,,,,,,,,,,,,,,,,,,,,,,,,,,,,,,,,,,,,,,,,,,,,,,,,,,,,,,,,,,,,,,,,,,,,,,,,,,,,,
365,11201,1,112.0,3.0,1.0,1982.0,,,,,,,40.0,,,,,,,,,,,12.0,3.0,0.0,0.0,0.0,0.0,0.0,532.0,,,,,,,,,,,,,,,,,,,,,,,,,,,,,,,,,0.0,,,,,,,,,,,,,,,,,,,,,,,,,,,,,,,,,,,,,,,,,,,,,,,,,,,
366,11201,2,112.0,3.0,1.0,1982.0,,,,,61.0,68.0,59.0,-7.0,,,,,,,,,,12.0,3.0,0.0,0.0,0.0,0.0,0.0,532.0,,,,3.0,,,2.0,3.0,3.0,,,,,4.0,0.0,1.0,2.0,1.0,4.0,5.0,3.0,1.0,5.0,,,,,,,,,,,4.0,0.0,0.0,3.0,1.0,5.0,1.0,1.0,0.0,1.0,,,4.0,,1.0,,,,,,,,,,,,,,,,,,,,,,,,,,,,,,,,,,,,
367,11201,3,112.0,3.0,1.0,1982.0,,,,,,,,,,,,,,,,,,12.0,3.0,0.0,0.0,0.0,0.0,0.0,532.0,,,,,,,,,,,,,,,,,,,,,,,,,,,,,,,,,,,,,,,,,,,,1.0,0.0,,,,,,,,,,,,,,,,,,,,,,,,,,,,,,,,,,,,,,,
368,11202,0,112.0,3.0,2.0,1997.0,1.0,1.0,,,13.0,18.0,18.0,76.0,,,,,,,,,,12.0,8.0,0.0,0.0,1.0,0.0,0.0,532.0,,,,,,,,,,,,1.0,,,,,,,,,,,,,,,,,1.0,1.0,,,,,,,,,,,,,,,,,,,,,,,,,,,,,,,,,,,,,,,,6.0,1.0,1.0,1.0,1.0,4.0,,,,,,,,,
369,11202,1,112.0,3.0,2.0,1997.0,,,,,,,,,,,,,,,,,,12.0,8.0,0.0,0.0,1.0,0.0,0.0,532.0,,,1.0,,,,,1.0,3.0,,,1.0,4.0,,,,,,,,,,,1.0,,,,,,,,,,,,,,,,,,,,,,,,,,,,,,,,,,,,,,,,,,,,,,,,,,,,,,,,,,,,
370,11202,2,112.0,3.0,2.0,1997.0,,,,,,,,136.0,,,,,,,,,,12.0,8.0,0.0,0.0,1.0,0.0,0.0,532.0,,,,,,,,,,,,,,,,,,,1.0,3.0,2.0,,,,,,,,,,,,,,,,,,,,,,,,,,,,,,,,,,,,,,,,,,,,,,,,,,,,,,,,,,,,,,,
371,11202,3,112.0,3.0,2.0,1997.0,,,,,,,,,,,,,,,,,,12.0,8.0,0.0,0.0,1.0,0.0,0.0,532.0,,,,,,,,,,,,,,,,,,,,,,,,,,,,,,,,,,,,,,,,,,,,,,,1.0,,,,,,,,,,,,,,,,,0.0,3.0,,,,4.0,,,,,,,,,,,,,,,
372,11501,0,115.0,3.0,2.0,1993.0,,,,,,,,,,,,,,,,,,16.0,,,,,,,532.0,,,,,,,,,,,,,,,,,,,,,,,,,,,,,,,,,,,,,,,,,,,,,,,,,,,,,,,,,,,,,,,,,,,,,,,,,,,,,,,,,,,,
373,11501,1,115.0,3.0,2.0,1993.0,,,,,,,,,,,,,,,,,,16.0,,,,,,,532.0,,,,,,,,,,,,,,,,,,,,,,,,,,,,,,,,,,,,,,,,,,,,,,,,,,,,,,,,,,,,,,,,,,,,,,,,,,,,,,,,,,,,
374,11501,2,115.0,3.0,2.0,1993.0,,,,,,,,,,,,,,,,,,16.0,,,,,,,532.0,,,,,,,,,,,,,,,,,,,,,,,,,,,,,,,,,,,,,,,,,,,,,,,,,,,,,,,,,,,,,,,,,,,,,,,,,,,,,,,,,,,,
375,11501,3,115.0,3.0,2.0,1993.0,,,,,,,,,,,,,,,,,,16.0,,,,,,,532.0,,,,,,,,,,,,,,,,,,,,,,,,,,,,,,,,,,,,,,,,,,,,,,,,,,,,,,,,,,,,,,,,,,,,,,,,,,,,,,,,,,,,
376,11502,0,115.0,3.0,2.0,1994.0,,,,,,,,,,,,,,,,,,16.0,,,,,,,532.0,,,,,,,,,,,,,,,,,,,,,,,,,,,,,,,,,,,,,,,,,,,,,,,,,,,,,,,,,,,,,,,,,,,,,,,,,,,,,,,,,,,,
377,11502,1,115.0,3.0,2.0,1994.0,,,,,,,,,,,,,,,,,,16.0,,,,,,,532.0,,,,,,,,,,,,,,,,,,,,,,,,,,,,,,,,,,,,,,,,,,,,,,,,,,,,,,,,,,,,,,,,,,,,,,,,,,,,,,,,,,,,
378,11502,2,115.0,3.0,2.0,1994.0,,,,,,,,,,,,,,,,,,16.0,,,,,,,532.0,,,,,,,,,,,,,,,,,,,,,,,,,,,,,,,,,,,,,,,,,,,,,,,,,,,,,,,,,,,,,,,,,,,,,,,,,,,,,,,,,,,,
379,11502,3,115.0,3.0,2.0,1994.0,,,,,,,,,,,,,,,,,,16.0,,,,,,,532.0,,,,,,,,,,,,,,,,,,,,,,,,,,,,,,,,,,,,,,,,,,,,,,,,,,,,,,,,,,,,,,,,,,,,,,,,,,,,,,,,,,,,
380,11503,0,115.0,3.0,2.0,1996.0,,,,,,,,,,,,,,,,,,16.0,,,,,,,532.0,,,,,,,,,,,,,,,,,,,,,,,,,,,,,,,,,,,,,,,,,,,,,,,,,,,,,,,,,,,,,,,,,,,,,,,,,,,,,,,,,,,,
381,11503,1,115.0,3.0,2.0,1996.0,,,,,,,,,,,,,,,,,,16.0,,,,,,,532.0,,,,,,,,,,,,,,,,,,,,,,,,,,,,,,,,,,,,,,,,,,,,,,,,,,,,,,,,,,,,,,,,,,,,,,,,,,,,,,,,,,,,
382,11503,2,115.0,3.0,2.0,1996.0,,,,,,,,,,,,,,,,,,16.0,,,,,,,532.0,,,,,,,,,,,,,,,,,,,,,,,,,,,,,,,,,,,,,,,,,,,,,,,,,,,,,,,,,,,,,,,,,,,,,,,,,,,,,,,,,,,,
383,11503,3,115.0,3.0,2.0,1996.0,,,,,,,,,,,,,,,,,,16.0,,,,,,,532.0,,,,,,,,,,,,,,,,,,,,,,,,,,,,,,,,,,,,,,,,,,,,,,,,,,,,,,,,,,,,,,,,,,,,,,,,,,,,,,,,,,,,
384,11504,0,115.0,3.0,2.0,1997.0,,,,,,,,,,,,,,,,,,16.0,,,,,,,532.0,,,,,,,,,,,,,,,,,,,,,,,,,,,,,,,,,,,,,,,,,,,,,,,,,,,,,,,,,,,,,,,,,,,,,,,,,,,,,,,,,,,,
385,11504,1,115.0,3.0,2.0,1997.0,,,,,,,,,,,,,,,,,,16.0,,,,,,,532.0,,,,,,,,,,,,,,,,,,,,,,,,,,,,,,,,,,,,,,,,,,,,,,,,,,,,,,,,,,,,,,,,,,,,,,,,,,,,,,,,,,,,
386,11504,2,115.0,3.0,2.0,1997.0,,,,,,,,,,,,,,,,,,16.0,,,,,,,532.0,,,,,,,,,,,,,,,,,,,,,,,,,,,,,,,,,,,,,,,,,,,,,,,,,,,,,,,,,,,,,,,,,,,,,,,,,,,,,,,,,,,,
387,11504,3,115.0,3.0,2.0,1997.0,,,,,,,,,,,,,,,,,,16.0,,,,,,,532.0,,,,,,,,,,,,,,,,,,,,,,,,,,,,,,,,,,,,,,,,,,,,,,,,,,,,,,,,,,,,,,,,,,,,,,,,,,,,,,,,,,,,
388,11801,0,118.0,3.0,1.0,1981.0,1.0,2.0,3.0,,,,,50.0,,,,,,,,,,9.0,,,,,,,532.0,4.0,5.0,2.0,4.0,,,,,,,,,,,,,,,,,,,,,,,,,,,,,,,,,,,,,,,,,,,,,,,,,,,,,,,,,,,,,,,,,,,,,,,,,,,,,,,,
389,11801,1,118.0,3.0,1.0,1981.0,,,,,,,,,,,,,,,,,,9.0,,,,,,,532.0,,,,,,,,,,,,,,,,,,,,,,,,,,,,,,,,,,,,,,,,,,,,,,,,,,,,,,,,,,,,,,,,,,,,,,,,,,,,,,,,,,,,
390,11801,2,118.0,3.0,1.0,1981.0,,,,,,,,,,,,,,,,,,9.0,,,,,,,532.0,,,,,,,,,,,,,,,,,,,,,,,,,,,,,,,,,,,,,,,,,,,,,,,,,,,,,,,,,,,,,,,,,,,,,,,,,,,,,,,,,,,,
391,11801,3,118.0,3.0,1.0,1981.0,,,,,,,,,,,,,,,,,,9.0,,,,,,,532.0,,,,,,,,,,,,,,,,,,,,,,,,,,,,,,,,,,,,,,,,,,,,,,,,,,,,,,,,,,,,,,,,,,,,,,,,,,,,,,,,,,,,
392,11802,0,118.0,3.0,2.0,1991.0,1.0,2.0,3.0,,,,,,,,,,,,,,,9.0,3.0,0.0,0.0,0.0,0.0,0.0,532.0,,,,,,,,,,,,,,,,,,,,,,,,,,,,,,,,,,,,,,,,,,,,,,,,,,,,,,,,,,,,,,,,,,,,,,,,,,,,,,,,,,,,
393,11802,1,118.0,3.0,2.0,1991.0,,,,,,,,,,,,,,,,1.0,1.0,9.0,3.0,0.0,0.0,0.0,0.0,0.0,532.0,,,,,,,,,,,,,,,,,,,,,,,,,,,,,,,,,,,,,,,,,,,,,,,,,,,,,,,,,,,,,,,,,,4.0,4.0,1.0,,,,,,,,,,,,,,,,
394,11802,2,118.0,3.0,2.0,1991.0,,,,,,,,,,,,,,,,,,9.0,3.0,0.0,0.0,0.0,0.0,0.0,532.0,,,,,,,,,,,,,,,,,,,,,,,,,,,,,,,,,,,,,,,,,,,,,,,,,,,,,,,,,,,,,,,,,,,,,,,,,,,,,,,,,,,,
395,11802,3,118.0,3.0,2.0,1991.0,,,,,,,,,,,,,,,,,,9.0,3.0,0.0,0.0,0.0,0.0,0.0,532.0,,,,,,,,,,,,,,,,,,,,,,,,,,,,,,,,,,,,,,,,,,,,,,,,,,,,,,,,,,,,,,,,,,,,,,,,,,,,,,,,,,,,
396,12101,0,121.0,3.0,1.0,1992.0,1.0,2.0,3.0,4.0,,,,,,,,,,,,,,17.0,8.0,0.0,1.0,0.0,0.0,0.0,532.0,,,,,,,,,,,,,,,,,,,,,,,,,,,,,,,,,,,,,,,,,,,,,,,,,,,,,,,,,,,,,,,,,,,,,,,,,,,,,,,,,,,,
397,12101,1,121.0,3.0,1.0,1992.0,,,,,,,,89.0,5.0,1.0,1.0,1.0,1.0,2.0,4.0,5.0,5.0,17.0,8.0,0.0,1.0,0.0,0.0,0.0,532.0,4.0,6.0,4.0,3.0,1.0,1.0,3.0,2.0,3.0,1.0,5.0,1.0,0.0,,,,,,,,,,,,,,,,,,,,,,,,,,,,,,,,,,,,,,,,,,,,,,,,,,,,,,,,,,,,,,,,,,,,,,,
398,12101,2,121.0,3.0,1.0,1992.0,,,,,62.0,69.0,67.0,155.0,,,,,,,,,,17.0,8.0,0.0,1.0,0.0,0.0,0.0,532.0,4.0,6.0,6.0,2.0,1.0,1.0,2.0,3.0,3.0,1.0,5.0,-7.0,3.0,4.0,1.0,1.0,3.0,2.0,2.0,2.0,6.0,1.0,5.0,1.0,1.0,,,,,,,,,,,,,,,,,1.0,,,,,,,,,,,,,,,,,,,,,,,,,,,,,,,,,,,,,,,,,,
399,12101,3,121.0,3.0,1.0,1992.0,,,,,,,,,,,,,,,,,,17.0,8.0,0.0,1.0,0.0,0.0,0.0,532.0,,,,,,,,,,,,,,,,,,,,,,,,,,,,,,,,,,,,,,,,,,,,,,,2.0,,,,,,,,,,,,,,,,,,,,,,,,,,,,,40000.0,,,,,,,,
